6966.56733956,-8918.81387009,-6515.32896762,12.2228833358,-3390.27956339,-2700.00441637,-368.849754926,398.542751413,-84.1914168731,-1825.31882004
-302.227572393,7116.95841472,-19500.194081,5092.32302596,819.213964555,-365.640851964,3535.26013141,-2658.18185634,910.08215353,-627.618171658
-18674.7083669,2724.13494444,-678.453720491,15714.6599438,-4807.95476947,-8092.59853626,-703.78899989,1980.06568039,435.409790214,-204.678072012
652.698761385,-682.979758602,-2884.440915,51.9141742058,-5337.7246046,-1447.65715766,-1827.37998248,-1931.56748721,154.564602899,-1363.70325905
9767.47810104,-5582.51862587,-5869.88809941,-6255.70897364,-3651.9223685,-5088.7320125,52.0869726746,1556.1813955,-140.049982206,566.549610748
5063.45899835,-839.10930474,-391.444024529,-1055.82555861,-4030.73958836,-4043.44798407,835.204167395,136.956114304,-164.334199646,-9745.09008031
4176.90560056,-4492.67212495,-5597.91632898,10066.5978587,-2933.36064772,-4640.47721343,4902.05513179,-6.0382840695,295.452658868,-7704.4980735
-2965.40929521,-1347.41905132,-15733.9782372,14040.3225037,1362.99029594,4715.03411781,889.803705121,-2039.87580751,616.248172268,-3429.06503056
-1788.51370211,-6008.81273496,4388.34050472,-1149.73756248,-1715.7319218,2349.82507084,1753.2147879,-1409.27678683,257.364855398,647.322053682
-939.138750952,-7142.33616825,-5982.64298016,3882.78174053,-116.118277823,275.825788793,-3031.39546823,175.621538223,-197.911016381,-1554.68459899
9015.96280286,-7807.52212773,2628.90046417,-5730.41548733,-1403.64446892,-5879.84165889,6714.27328751,-742.561502498,-57.3390333296,-8790.28803877
6046.42405629,-5227.03241988,666.730154049,632.937100372,2051.03720699,-9858.50797421,-2749.24906382,693.863327684,-815.433673869,798.452853871
20511.9734734,17575.7409581,1779.39961982,-1200.36040106,28123.9639807,-6882.88050171,-3125.75183516,-10638.9580495,-1270.26100355,2780.63596338
8634.66122208,-3150.17593874,-1744.31841417,3547.99705216,1004.37256393,-8456.12091421,-4552.2212566,2371.74174876,-802.459321945,-618.960765785
10980.2404182,-2868.51135285,7824.66140989,2577.68916879,9500.63550851,-5131.24873766,-168.920558214,5910.36598305,-2392.31047953,-5383.23062589
3402.41365132,-12582.6516704,697.71597449,-9005.28824478,7803.37144538,1546.56568871,4954.78103748,2361.09028517,-799.488386542,3261.3049981
4257.51778483,10503.367103,-2770.381869,203.412515589,6216.52643175,2727.5065492,-1033.1395656,3771.56954792,-1182.62586135,1873.37090726
-4623.65373683,13517.4838671,-1941.23852602,16777.1028954,12198.5434883,2000.52764794,-5052.50768114,-3717.51626683,-221.150172677,1116.51607463
9328.26548737,4554.39226346,92.5973923051,3150.49889042,10159.7513901,-6911.22927064,-6348.60265311,5220.74780379,-2454.7720035,-2256.09015181
-1018.54244735,-4237.39646228,6642.76735703,876.706444087,191.277392522,422.904042277,-1493.29341093,-993.863515849,-41.7514648382,-949.519458056
12356.2429969,-403.165989931,-1401.66641827,-3389.63692321,4487.42708143,1113.53824674,-8424.37883649,5343.63272247,-2108.90757359,4282.27611227
5669.87565891,2352.16977697,9980.28500712,9180.22194047,1291.66528213,-9203.57478592,-9147.19578674,-4725.15706496,-287.351663112,-803.997334468
905.786563901,-1512.85635956,-2996.0898951,2009.65588139,-1310.42574216,-180.098856767,-2726.61558527,168.945742364,-63.2456213832,-1629.00154121
6985.9369178,-5398.64169979,-3049.43784015,-4592.18685597,-1714.74688037,-7539.64983539,1455.18138466,-2071.33010009,170.231311906,779.170884534
637.458604848,-8757.52724636,9395.32778083,-917.32174549,-5425.8717372,-6262.78548245,474.923245065,-936.944822406,121.264511381,-891.151456738
8798.57089972,10065.0780605,2184.86150261,-3259.9299398,2483.12351765,4005.14525764,-8994.19992929,1932.73076258,-1135.70545468,223.087133298
1417.63525469,-7663.78157489,-4667.12266569,-569.559274761,-30.7728511783,5401.25329114,-2496.88837189,3392.56453948,-696.214400042,-848.777760084
7432.34579907,418.000419974,-2936.06234666,-3831.94321378,-4410.56202793,-6223.05719769,-1224.84726584,-2793.29595189,249.691701117,29.3042237696
-3019.55690481,-1803.57801897,8401.11631443,2016.43081322,-3270.41794361,-339.905714804,-4043.13901066,1803.62843636,-463.969218151,598.619585775
10349.5694953,-7624.91986457,3871.06825707,-5304.62813908,6581.64004865,-1205.08808323,-4364.23312382,4609.75287664,-1857.23190332,4838.72954243
341.862992153,3325.92235495,-2707.24771514,-3851.99989913,-993.387027121,-113.114858679,325.998697268,-816.944604958,200.502414444,1403.83020255
661.577480052,1284.39732812,461.854136366,-3864.57088838,921.932853186,-906.468431534,-4818.62237736,-256.378072853,-460.976462141,1875.3901408
-11524.5164981,3165.97032946,13338.9830047,-3004.64057774,6607.0984241,-9105.88927839,-2515.085615,-322.316260186,-357.216454956,5013.40839488
3019.54606641,4657.55394561,3117.04792958,-7356.26277291,-296.121001735,-615.362813956,-5791.61861228,-302.572794728,-455.123237151,1213.11866336
282.826201251,-2615.78104986,-2135.27657665,-849.02683526,119.088070401,1619.67031568,-1568.6958864,1012.70777095,-308.644245227,-721.790938281
2071.78386692,6361.27172462,-7381.35601016,1008.49437671,4279.62826067,3130.78739738,-3249.46825917,2895.28481288,-776.887557578,-587.533376619
-3676.57416498,-1728.50466479,796.42811976,2758.51126914,1789.17251085,3076.21627446,-5420.02204871,-1267.37316043,-30.3458829004,-1488.60844299
2405.68324902,-2694.40326862,-1447.13295596,3111.45701597,4441.28651861,-2084.23957762,-6009.75397633,2279.31269249,-1264.55955972,4039.15231736
4187.12713918,4392.49171845,8818.56143413,302.437894615,6930.40331638,1420.07617308,3564.07864836,2434.49019513,-1176.52989234,-3843.86271136
10103.5433349,-2093.77998547,1496.05623121,-7058.37962781,12885.4130417,-4012.9845542,-7685.77526402,13549.3044262,77265.1751214,406.696327087
8385.07685857,-3480.45191192,-2156.54458731,-8098.44900702,3541.56716111,-42.2666294204,-3027.41923012,5704.7452118,-1651.16044823,2152.48085149
-2653.65130268,7885.91071153,2615.69622561,-5198.47906816,7364.15433022,4513.09890685,-184.153793916,652.322591158,-635.893435323,2456.93823687
3439.97466247,1061.36728304,-5294.16723914,8481.26139172,4563.32223306,2488.6214516,-6570.41576099,3870.46918508,-864.116355909,-288.60262001
8604.07028845,1056.61032549,-7986.46180351,8772.76304104,362.846812344,-7198.81070645,-5919.37436146,-393.171667622,-802.918336073,912.709920633
1369.44701858,-16585.8734707,-4156.37063225,9354.29720371,8306.74800119,-3409.85959029,-2146.8790065,1464.54400584,-1164.37616062,3287.84553657
9216.8898035,3026.74450495,-1016.18334569,-3779.15994074,6164.1240093,-3542.74226078,-5780.65978803,4805.03975378,-2126.82430232,-3613.8455864
779.178002722,4579.41602236,-10429.6836254,6664.3451134,13109.8869219,5383.64937407,-4728.69100785,3268.95517936,-1559.3823912,3211.34791745
7186.79860936,-1659.78357092,7043.5813202,-1761.50230568,880.559288053,-8323.41434554,1309.73927802,80.1171737974,-533.755613083,2530.69010617
1651.26210682,-4517.05447684,-614.830835147,1244.79288116,-2311.25375354,-3535.86851592,-974.44286468,-1109.78656889,66.4455809928,-1346.64243284
2764.906315,-5880.65443226,-3879.41770271,4137.65349719,4458.929194,-6748.76383361,2810.22052265,679.775160685,-413.68575987,1089.05599744
-9107.91047845,13088.4420914,17637.3562169,14058.5788269,5038.2898741,-4451.20449755,-11637.1358481,-873.359518601,-477.175655103,-566.844238077
1211.03312398,2223.45115855,1558.93400806,3215.05331238,-2845.2110158,9121.0756549,-10363.8275001,-1329.3426306,142.164957088,-3823.13479437
-177.352450829,-6819.82863242,3611.39825917,-841.119748899,2058.82334392,3139.24440931,3412.90376863,1810.19449094,-309.534207299,-3646.17692775
-935.924004444,-7723.78570167,2457.0737009,3658.8982085,-2103.55020181,-1711.63630877,-501.139117682,-1441.88046825,197.375660934,585.953790409
-3370.44814417,443.500665055,-2811.8249819,2483.45255898,2186.47204579,3203.38001685,-6630.67795269,-473.804595676,-206.864996695,-1679.10269056
3149.06899572,-2488.39297891,1726.31493064,-2670.59401917,-317.724990645,-18.444087157,1307.10118078,1218.72818023,-412.722264526,1585.41065727
16056.6321014,14018.9714552,-6517.90721241,-2539.51475315,15742.3387705,-3395.27360716,-5742.85517474,-4470.02118781,-838.293231024,-5252.10702467
1574.42337865,18050.3910525,-19916.516076,9164.07402778,3917.14174726,-2225.2045971,-6401.86052099,943.063292643,-860.363423038,1576.02204568
5610.18217111,-3788.75621654,-3021.44951973,-9974.92640189,1109.39276772,827.859853005,-2022.60026659,4207.61853408,-983.001630919,1945.53365301
-829.958738778,2699.32236401,-12939.1764152,10574.5229557,65.8276834923,-3959.38894319,-2825.15053385,-463.046516565,-17.6951126556,971.655921264
8167.72392095,-1000.32811602,1429.08602628,-2951.23903452,7161.20761396,-5882.30464589,-6501.75205144,4389.1383794,-2015.35363287,-255.225037024
8856.0998738,-5705.35353067,6786.82046644,-2577.09959962,6441.87630339,-5406.2252812,-5235.27179852,4929.84173972,-2111.81329134,-705.230577323
306.49745633,1488.63883991,-8717.09878472,8104.90379973,5418.27332496,-1751.0860939,-11933.4298898,1404.03186475,-1353.22011874,1481.42315844
5409.97410266,-2904.0532243,-2027.30956989,813.636885363,843.637113596,-8368.86308326,-5065.84575139,759.710246277,-1029.16585249,420.609136579
4455.4846182,968.039067493,-1851.85022975,3490.72592516,8083.30230207,1929.29294012,-3707.86984918,5111.34730447,-1639.41858654,2599.32411473
-4139.02932237,3407.18125969,-7523.84111209,4863.97401334,-404.722895025,1958.87390167,-8152.80816427,-1938.31080182,30.239762127,-1742.34218175
-3678.33816788,-30.7335828239,-6726.46877071,864.512204792,894.234676843,8555.48719373,-7386.43880485,-1673.73604419,127.70434598,1811.56777797
5857.20635801,7351.82956549,-14503.3418856,2237.91752399,-322.707396237,-12537.4782036,-4429.45892792,30.5615639457,-652.601864874,2677.06392727
3945.65122698,3348.93905848,-1004.40863039,-8302.04673239,1900.48535669,1325.8152472,-3907.17834223,2545.88077417,-649.981867289,1966.67646202
-3447.47661861,-4029.61293722,-2028.96426732,640.059584978,-381.635292979,6015.26754137,-2939.22242029,-182.552755372,-81.8315960568,-650.90527526
-2138.79399862,-8843.11396088,-1912.37790515,4377.63506818,123.162741748,1921.38485216,-4602.88818163,352.291400804,-222.124135602,-964.096733632
-13585.597915,-1404.20045885,6814.05340755,2638.94756443,12928.3744207,2634.83326459,1378.77622181,-8616.23045819,902.857539271,828.464137682
4489.03303343,-1016.15626459,2155.97666297,-4448.17915848,-1520.6579729,-7258.28838143,2592.5578756,-790.088803249,82.6791027546,1776.96008419
774.053841685,-2477.81072235,-1889.90840182,-599.483626503,274.518236048,1976.26055316,-1137.64515868,1463.56451622,-91.3278349323,-1380.84443429
-10576.1311687,9575.49945336,14198.5636613,5398.40716992,-2737.29796519,3642.21395201,-7299.74883703,-1567.33507088,38.9545377562,211.480095177
9168.38072978,-7484.38998883,12109.1078726,-2595.91055378,8610.54676673,-13260.7863302,-1093.85749236,12363.416933,-3659.34658504,610.376931218
1084.87585109,-8020.13354457,-7486.77960437,3282.47456461,-1919.72920134,2566.1834051,-2685.1987043,2014.78005707,-247.431062464,-1570.25232207
1429.97049608,-2166.91877478,2802.37203986,-5102.38915753,2693.30607188,-848.89703683,-1013.66227325,743.959120834,-440.727984758,-2915.54994323
3378.45498876,2066.3404344,-2041.80789777,-10525.3161234,-2421.85142323,3495.70724796,-3111.65371921,-720.085265041,98.7185718691,1670.7864636
6211.00334877,-7452.31924225,642.362388518,7235.92116892,3361.5880387,-12414.3566486,-3192.77326828,5129.02266271,-1811.78986229,307.685298975
1699.50167261,5382.38323218,-10134.6055693,18552.5504904,3961.00425164,-6842.16879181,-3837.09056361,348.663098921,-566.068175292,-2700.70283494
-356.611115815,-4120.5633774,-4373.42204603,4706.33778208,-957.172345261,4432.74339099,-6905.81382302,-2173.3529719,186.287197541,-3054.27558591
12263.7234541,-6521.44646819,-317.767742769,-6016.16508673,4913.20296964,726.869403126,-4809.27889987,6217.19333314,-2068.12036246,5269.93821394
4494.93234534,4925.82544811,-4945.15206446,7458.315998,12556.6875704,2200.42862975,-8570.22287659,6036.3703416,-2430.91535879,-3301.78310378
4541.83290716,-2646.35823565,-1655.18387282,-568.51551414,-362.530469567,-6859.36732545,-3363.18254811,-135.595873228,-459.236561721,-1709.94018304
4730.94120306,-5292.55642372,7060.10383352,-3097.57236627,5579.73276254,-2427.72901204,-4546.30639676,2788.07748149,-1543.01703698,2955.74903486
1595.80811933,3076.89628862,-2718.66435429,-2684.01030027,1119.64047654,-1951.44081259,-1659.74234264,289.413929539,-279.457648969,1145.38971449
-6627.08248702,-15077.631903,4856.41672626,1270.50623802,-2037.33195755,3433.68856002,-2253.35011073,8415.27448503,-713.48806903,246.42570832
6825.919437,420.180377326,479.928011048,-934.111039609,5287.20007814,-1567.41374372,-6286.94828442,4087.86708624,-1499.31421336,2137.30347047
69626.6913127,822.684902939,15376.1531077,50381.6124199,-23040.3419086,13779.9607064,-619.512403773,-9762.44986202,2310.58183292,42828.1029367
-3026.20320052,-513.747498205,-3577.62576015,3352.40578032,199.104948536,1537.90885689,-6892.90980501,-1440.91929627,55.4666344322,-2818.82583889
998.657035069,-11154.6836794,389.961245896,-942.673222322,1443.40267316,5450.42049121,-3197.08468608,885.32460183,-372.966868143,-288.119642932
11933.640404,-6192.73695199,6323.8636019,-3348.47691629,12733.205073,-5392.68819743,-4779.96995843,5951.73486851,-2887.25488534,-1897.09418269
-2975.16384061,-6930.21608894,4921.15792519,3967.6478473,-794.66910608,1792.81787428,-4749.5039097,-1931.03846222,-46.3671621681,-2182.94229656
-3110.6932177,-2413.92458828,2753.50640109,-874.679300044,-909.194886558,752.013552166,-533.527989371,-2624.25301989,299.962638977,341.564089476
-827.496843675,9677.44164297,-4224.54838431,-3237.29762894,713.182433212,2222.85340981,-13.4548042663,-631.775029124,67.8130831579,1680.58348273
-2732.3783972,8900.31021185,-15245.6128615,4616.9621864,-1748.32063476,2457.3462161,-240.738191177,-1224.88595425,447.473953143,-1759.35379776
2868.40880162,-1571.1592971,-462.847983947,-7803.81803889,-412.728669126,-1140.81665218,-2441.4554558,903.475452874,-658.870211652,566.885747209
4806.15360569,-6270.74191174,5432.17371373,-9236.52378216,2507.43380794,-5893.04015959,2134.20830814,-2235.90385818,-252.371060386,2938.16958086
83964.0266506,11810.0196035,31112.8401609,33955.2019026,-8368.78567852,17146.2854931,27510.1386996,7050.54011381,2289.02428226,-4494.20089737
-3981.04020405,15927.2633802,1450.88131982,-7894.56981326,8106.50750307,4681.86958842,6514.29256083,2253.50594232,-451.350010334,-419.588728789
2322.79482377,7066.92524843,-6307.16275077,-8058.28730895,1242.45952121,-2984.862854,-4031.60579542,152.536867175,-344.0093788,-460.810737538
355.663416438,-10954.6393918,6711.3980955,2457.68872091,-5957.39940121,-5555.65720086,1477.88031107,-369.0588731,270.471424487,-1511.5146879
-506.380731877,-11851.6008651,-1165.65805901,1090.66395928,-2533.94433591,5204.34212102,-848.121654592,-1252.66890006,200.754534747,-1018.68628957
5494.48616599,3820.08394314,-3089.47062942,-4596.84962076,-1796.87871422,-5581.70720414,795.635777068,392.294154262,-141.809406949,1210.91014509
22.4312036326,8209.48548261,-5961.09594599,-3926.19693519,437.259553444,3099.03981802,256.930968114,563.629833537,-336.595231336,2116.36724143
-579.239379922,7704.49244086,1657.12464833,-1092.94233274,4099.1827246,1299.14112342,802.283148405,-209.616529685,-89.6000935235,2286.71030035
16624.575305,-6117.21412832,-2004.92130243,-7356.18870345,13888.8512177,-13509.2223585,3037.91579457,6536.20742147,-2952.77546221,2092.27251589
2592.03836004,-1323.8006179,1911.95556056,-3954.41300446,-6110.00303769,-9532.38868722,2042.95624865,-4408.83669529,714.485281012,767.096019372
963.028674835,3245.16770251,-606.395544271,-6475.90271154,-1549.66072614,-2469.55635782,-2452.24070066,-1831.81773447,-44.3330219769,1213.37601588
-2219.92750053,2086.55588681,-1652.02347072,-591.095515028,4077.56441893,4968.77854282,1517.22924176,1533.47521743,136.664239001,-53.3065134224
437.641538039,226.258209431,-6596.6176051,470.812540516,-6220.28069348,-2202.5497853,-930.65512077,-2461.39939188,528.312387787,-1992.31926448
8906.90480217,8203.79173201,-7921.30683828,-9740.431082,547.670685527,2652.54642839,-1248.43789081,2623.40573427,-798.56189393,2859.64257653
4077.61571811,-3559.33474851,-3182.47451062,-11235.8109958,-818.504462042,2283.91276856,-526.211423817,2996.44197257,-869.893795484,2670.86845348
4995.81014717,-1027.7025998,-1921.84536556,-3344.08151166,-4086.41791146,-10336.8590131,309.641327785,-2070.94252762,100.576278661,646.831919682
2450.76376299,-1672.65883622,2235.9795208,-4988.18902225,-735.112204057,1156.42903873,4622.98921362,1046.82557246,-393.865178071,-5052.03541707
3138.11498107,-3670.87779879,2081.31020728,-7777.36762747,-1023.28168818,-567.183417797,-1419.07108985,1080.04186386,-662.861658256,374.793242101
4252.74118403,3052.34010738,-777.775026935,-6353.64295056,-621.559240438,-1359.55342139,-1427.83475087,1118.79503149,-468.927656567,-3740.77493725
2391.04722716,-2808.86252376,1838.81236588,-5257.91608678,594.382064841,-1935.0830331,-1747.37844824,589.108669931,-566.438774324,259.972911276
647.985935073,6905.93280265,893.386432959,-5918.77842942,6969.99817113,121.768548689,3950.72078316,1026.73249008,-401.443803228,-687.96774695
80308.0378428,26925.2852971,8351.59569369,21148.5105563,-10018.6250302,10283.0905409,13259.8108315,1867.30654949,1203.62519452,-2801.83016876
21718.9883276,-1907.52234655,-9006.33376884,-21936.7622849,4527.01340006,-583.105086014,16783.5571415,-11336.3758488,1475.59748323,-8726.99986752
15088.4445762,10039.6287204,2571.74377454,-12440.393778,-3467.60448534,-601.726314314,-141.998757702,-7446.71847551,932.412051326,-6404.45288513
3951.11675053,13235.3782254,1932.03343266,-9231.33518786,-1056.4761522,5553.03348288,-3457.24439409,-1336.60934612,-363.217471602,-7611.58318457
6674.54209418,-6525.01568235,1866.23164904,560.796860794,-6330.28472334,-1599.27356861,-849.43323966,-1208.43381617,260.012576939,-2239.04681172
386.977427377,26790.5872746,-3397.65283476,-4636.38820675,9403.62220369,-4455.87975087,6604.23327226,-4598.67696009,251.289170818,-5402.72463197
334.695358238,-3721.05007865,7828.0057421,-5850.1923753,1179.9010502,-264.738016305,-1478.35446742,-548.701600184,-294.973876538,845.948168629
39772.4363656,-10198.9257592,-4006.76559431,4752.47493617,14830.9398949,-5610.7197238,-5565.69019765,-590.346311818,-2686.37107735,-5779.33986085
62107.87632,-12476.9174148,26564.9150455,12413.568636,2941.48196991,18925.6533087,4006.19831663,1292.66463213,-282.072669059,-11204.4884888
5713.97713975,4244.82556628,-1072.9752132,-3963.63177027,4669.11588893,496.198427296,-1728.63223398,3526.86649371,-1216.50145988,-2229.55445582
5592.94489536,2347.53861075,-4529.21323522,-3617.30375146,-5174.34673672,-8359.89880671,157.494449662,-1539.68668045,118.824473662,-68.0412973516
7533.50922301,10576.1782659,-6167.65122837,-12019.106287,-1082.87451553,-3312.29866639,1809.94999003,-1509.65882697,27.5239497167,3801.50256789
9382.97633514,3819.81995917,64.9460258958,-10216.8175009,-5390.59866958,-1148.54775199,-4599.02591299,2674.97674267,-1079.19112059,1979.83877448
8398.00898156,720.950508973,-2802.55307482,-11061.4744491,-4681.51764628,252.189766547,-1269.15302033,166.750820012,-396.221728861,2354.79170249
37257.4899105,9246.82992117,-1268.625146,-4290.03221198,13061.9779133,-5338.95015984,-3788.61603803,-4488.8617362,-2045.32675637,-5692.54405387
-2436.51835116,1552.16310928,-85.2828737928,-1215.23924604,-2475.77727287,2001.78295173,-2802.30378597,-2143.13199627,194.811157577,-442.647738679
16985.10045,10968.3733758,-9889.74207312,-128.873983222,15472.7586253,-5376.8172664,-11323.775948,1703.36006886,-2408.56825869,1566.44079777
8637.27496396,-2259.27031344,-2557.788293,-12360.7559385,-479.049041017,-2785.41682611,1593.59586966,3867.73050541,-1081.28232683,-1891.42588962
-7381.94110633,9480.75811901,-10455.8477477,2971.09253488,-717.117404884,10573.4133283,-1194.10814486,-1377.13978266,288.460661388,-2183.37290721
5510.78455192,3000.81700634,1332.52760741,-6528.41069287,-4001.85364694,-2476.42578243,5723.77344219,16.8534524225,-236.41623235,-5193.22030505
-2646.25870739,11779.2316871,-2410.50356333,-6911.0794495,-576.332148585,3605.99550864,-4243.37853803,1015.36729546,-511.851316938,1353.04979103
11882.8983016,11518.8321488,-409.649512439,-8708.53296002,1059.60346231,-7512.87880142,-4436.37999183,-169.059767394,-792.411447301,1952.17035902
778.20183259,-3184.92232563,4249.29045731,-13127.3954047,-1948.29236788,-5059.44383744,4985.90163434,2016.57857164,-451.406635986,-1574.19399983
13764.0483913,10522.0399013,-5120.42104722,-6703.1799168,5825.87967375,-7507.94308097,-3521.44946966,2689.35457925,-1707.41956491,6628.23335473
3166.79249593,2068.96736307,9559.67161879,-9195.51586609,3590.74542831,-7108.77705464,3458.94821568,-4897.15637415,293.592496125,-7837.10984836
21883.9221657,-1829.84956821,138.730655314,-3952.65064067,13851.7282988,-7238.73201818,-4492.88654151,398.330079748,-2155.04109615,-1033.85548248
-799.156144725,-9840.32388573,-5505.29404704,-2073.32295378,-1669.71158684,9781.60978784,-1920.07157115,256.763490804,-150.954416107,-335.849977709
7143.6401538,10860.7484879,-6344.39414694,-10809.6104471,-4196.56174154,5450.9148086,-781.553354971,762.150553237,-308.875678082,2761.86332532
9715.99550882,-8140.37237359,-3065.90970057,-5304.77846351,-4583.85563444,-4284.32354915,2697.34766634,379.046176978,-194.885775559,826.942549611
-983.124166562,8313.30011118,-6048.2738365,44.6783079846,1139.67723444,4345.67279363,-2961.62927505,381.862991669,-303.242776932,-833.248967986
2028.15142325,-1373.68866144,-276.820606474,-5539.47074288,867.776237979,-2884.22436313,-2850.86627971,230.496568687,-438.648928604,510.337167683
-456.437803542,-6089.46199652,4221.19745214,-151.192646754,3003.22968212,4965.1854332,3410.5597875,2253.49945658,-363.024397957,901.259762007
666.477408344,11214.1890965,-2999.1208049,-4235.310503,2320.08252021,5866.0591208,4483.9578332,1654.66910261,-404.925389902,-4828.38217437
-3725.56192668,24595.2676484,-12296.9073011,-4434.91082802,621.908797596,2259.81190482,4189.55717456,298.816856541,120.08855932,3329.05739073
5367.46994504,-5078.12935834,3059.65092138,-3328.38205139,-5374.50350609,-9106.24696585,2249.33621322,-1939.26173503,59.0938653984,665.472679224
-3545.12719923,-8860.40550618,2509.51096998,1911.79084153,-2540.18604001,3857.8850436,-2349.82174654,-1695.01955626,62.3301067341,-1181.86709352
-7616.69758621,11395.5805483,-8871.54133344,3858.7255994,6903.40616389,11508.4605652,-757.474908085,9792.76296131,-1277.93502824,1860.47474294
49365.1093463,30052.118499,15690.0852767,-1335.99398059,7026.2342326,590.890960599,508.292388514,-172.287373933,-269.424332402,-13473.2820766
15835.4821246,14866.2813839,-7290.42408294,-1680.95473477,9553.53061727,-10347.01285,1772.5921555,7168.68214937,-2482.01698557,-5451.7460148
5864.34722034,-5006.14238615,-2213.30466368,-4406.22788042,-3331.65428875,-7661.51278172,2013.25199747,-185.832504705,-321.673189212,1042.54580778
1852.07606918,-3406.14393535,-3233.0653227,684.307868704,-2570.28912136,-3542.54812458,-1853.65798132,-716.853196958,-151.873317879,-1371.17080748
117.609009454,2998.3178956,-3436.54656121,-4716.5749423,-2261.54583314,1130.72152679,883.582572868,-537.275863157,98.2066776015,1326.10093232
-427.258852275,-2094.52765589,-1467.10237505,-545.742608368,503.546042316,840.336600255,-1321.01741221,64.8562860462,-112.008103188,-263.782539839
-4425.72982772,-8056.44984121,-2051.84767499,1692.75137488,-2912.78883308,4171.87491987,-1341.38256237,-1568.93472278,127.010935723,-1382.92740488
3153.84852093,-12505.1571812,576.257452567,-9045.64323455,7691.55740566,1472.27753711,4955.46641774,2256.13789595,-889.372756989,3847.03782586
2031.4270293,-4047.2071432,-3804.59322915,162.457509409,-3337.43075857,-7571.76902736,-506.473795876,-2161.23442116,231.389797512,-1162.11422437
3409.30371276,2983.42901056,5292.94329907,-1474.02156881,13069.8504132,-761.178157224,-2779.86765988,3790.46120637,-1962.88647002,3009.25918591
-9298.27539702,3593.36945292,-6419.77790022,12684.1085056,-2477.92931747,-3640.99133386,-3206.2891766,1196.15048398,319.187616032,-3207.82280819
34801.6462477,5454.27340333,-14239.3798289,2855.35846395,14141.9710704,-11309.1759056,-1297.92489503,-4466.63691256,-1688.56158627,-2317.75562231
9168.28125753,2006.4236627,-1256.26187313,-11671.947469,-3078.30178051,-1599.00157589,-851.213022499,3066.37499814,-830.705773343,-2214.5259118
2533.6167027,-3519.96229432,7694.26139604,-6335.64629086,-1591.49346691,-808.72519598,-1664.96474817,-437.819200506,-523.364011866,437.895967361
2704.06235246,2359.27031423,-2908.70172584,-7993.0635122,380.275077683,-1272.481866,-3928.77329755,1614.50935647,-1063.31893761,-1516.40862073
3613.77839015,4720.52302328,3328.59766269,-5797.43974035,-2945.08703865,-4829.16665737,4711.5570673,-2062.23285664,174.221443488,-5288.45529604
277.890331864,3376.41987852,-2738.45708489,-3879.20736737,-1034.13848036,-85.5192720179,322.892903434,-905.419671282,199.162325333,1599.34376179
-483.380070561,9755.31116295,-286.533266375,2055.52115496,737.845754061,11168.9492916,-7939.1009502,-548.539093138,-9.82682821557,-1709.23582185
1542.14222731,-7264.23554708,-4194.69234902,-1822.77636961,-109.18080444,6168.49778356,95.6798800277,4106.84774939,-229.217329089,-7284.20511623
3525.92304181,-10732.5996704,-11462.1886196,14803.6377621,8077.12995632,-5186.81146213,-742.682666428,4547.76343499,-1179.72747605,-1198.79321455
-11158.390864,10765.1608327,8229.51887744,-7271.85921681,6885.04243669,895.725955629,2550.68547445,2507.92147357,-638.698395138,4894.12305969
-2061.503999,4464.16219028,-2601.31990468,-2760.71777332,528.429029884,10017.1266532,5079.29387078,1688.70408828,-225.871304201,-3231.22506507
-5510.31700039,-3403.59894489,649.679123547,2141.76330801,-5210.96021298,-2208.93343451,-265.042782735,-2462.45191293,610.258684942,1643.41652054
30.084567386,-1976.98334141,-6103.47270129,2902.13302827,-13188.5711567,6160.18661616,-4710.83503109,8908.24877985,-229.935615012,-3386.4245259
3260.64021445,2458.66278315,-2859.78183047,1623.9176777,-5777.4794996,-4372.71404399,-6005.24709599,-4131.33747968,440.820621156,-328.821186309
-2237.20070042,-8526.15973906,-3897.25123556,2726.04348225,-2416.23800885,2698.21527778,-422.15434848,-746.557490929,17.559656252,-1219.36979569
-4068.62891917,-5450.76825461,-3527.83726385,1753.51309591,-2521.00135503,3699.36861145,-4624.2444737,-1438.03954094,84.9162412998,179.637496299
-9314.11632658,-5475.05686984,-2711.60223541,-1482.38751968,10156.9467784,4968.07108815,5691.39525009,-640.68680638,-66.0594991579,2755.06475659
-40080.2978661,17744.3898334,26992.1468341,19854.8537867,-8757.23093342,-9756.96939259,997.059619777,26292.2553756,-2528.74632717,-847.815996475
-5125.50682007,-2786.83886335,1151.43020216,5578.59451156,-4570.64842737,-1458.03535322,3381.59580576,-6029.74992949,1397.32160775,-1265.01362658
-1621.40113848,-3513.53315754,3606.55397631,3545.79540996,-1824.68029618,-1782.7702508,-2228.48584187,521.779027153,1.10546917668,-922.993501006
4585.91778209,-727.251304557,-6193.84924194,300.789471325,-5835.21255663,-2863.05071113,-4003.66278287,-2425.73665297,274.631212616,1162.63854267
50.7336620251,1512.13619753,-4569.67377844,-818.277377813,-448.45929823,2453.87972389,-2408.45475134,489.032474932,-307.633271675,-560.078197135
-11585.5322189,10519.3063383,-10194.3239756,8111.84637741,3432.68981729,10589.3553003,2384.16470712,2805.70168456,-84.7857303057,1427.66330555
-2664.57879906,-15532.9276654,-3575.6486611,-3055.10590146,4276.55607865,6367.77679124,1608.65741027,1224.20518071,-432.588346876,3390.35329609
-3533.22571299,4348.95452948,203.869085717,-428.570365802,2571.19015295,5612.45366009,446.430937756,-549.013599096,-191.207453767,1688.96832692
-1837.0074527,3014.35246259,2368.87882824,-4220.80285196,-3424.76628439,905.092835668,1724.86746365,-2957.05394401,603.379998502,1270.18203939
-1751.94015198,2693.88754684,-13699.8651726,10319.0166652,-3263.15594266,-571.608664868,1094.14451993,-1266.22983885,544.729974701,-1502.47417128
-3187.60286902,-10716.336543,271.060266552,1068.89241868,-1818.82895905,4022.73423788,103.190302444,-3390.22189414,664.390888308,-1026.18139997
-9554.98416271,-13778.4585017,5913.34389609,3469.01280354,-4053.38366885,1317.47184654,1288.72554602,3510.87165743,-235.909010597,-805.940398815
-1402.64871243,-6443.20693644,-4737.4787275,210.541553538,1787.52063862,2192.64570293,-4400.23922999,1228.29360305,-529.269016067,1044.44429275
-3676.35859408,-6970.82444922,-329.772351857,3212.10493141,-292.993629484,954.960339955,-5329.1798779,-1362.99204589,64.1821961129,-648.713396665
-3912.05076829,-8727.316558,34.6765118489,4717.59523819,-4999.24772595,-631.189344712,3850.76662718,-3554.76762044,733.617571713,1481.10806062
-6255.58505371,-2103.91640778,-151.427565152,2397.86400929,-3562.61649775,3334.83066303,-5196.79883388,-3884.02035953,613.457899921,-662.96907772
-2511.25825344,-5580.46202681,-3297.58911458,2846.90931832,-860.176895595,2632.92096949,-5535.00424052,-169.28772502,-122.786794251,-773.803257349
-2031.93954877,-1836.43475809,425.836287342,-6196.3479171,-568.841402755,89.3203663012,-1610.96925127,-1553.23501361,-136.346389912,3016.1933164
-3877.67191572,1384.18467249,-16512.2910244,6884.38748824,7627.90514245,5272.60713992,3868.60505516,-1815.99648772,201.519665295,-242.998705781
-1000.98941608,4800.52350416,-10321.2970727,2784.04992556,-4276.77162995,13004.1638279,-5589.86302501,-521.789314789,113.657829424,-2015.44183908
-4394.61236269,-1134.91996155,689.690428237,857.985090432,-2686.48859565,8137.30249146,-2496.45818104,-1072.1188739,454.623817946,-2277.47183727
-8018.85574042,4293.94229585,469.644964051,7024.24096324,-775.845843531,3400.09024157,-3775.7280339,-2172.1049069,533.767014062,-2837.22206743
-336.321726414,4900.47101316,178.521268955,1506.16113449,-4480.44044414,8204.12490711,-6177.63638514,-4425.59852203,408.692124393,-2619.80550996
-827.376446253,-3739.72491919,680.674457829,199.223161115,1118.39130522,-97.4617527848,-2163.49416019,-148.78910834,-281.355151888,1136.3761014
-4747.41410469,-2927.45191824,7812.17909059,852.24553156,2058.78815974,10780.4569955,3703.15026257,322.1952574,-273.466189276,-6625.15076952
919.228747642,-6411.1672516,-2964.64725089,1771.49413787,-2688.21011812,-7531.42178368,494.521681292,-2607.40158268,138.310451298,910.572879951
-2882.62789045,599.307290477,4363.32851793,-1529.89684657,77.2284942001,5971.28588831,3329.85895514,-783.248998643,28.306896621,-3435.87068836
-2954.82053231,-3807.0109724,-11971.9103623,10993.4114119,-443.579594964,488.294881491,-741.055248945,-410.662951806,217.171127251,-334.413030255
835.572245694,8903.4090334,-19464.2124707,2280.79008396,-5585.7762609,3656.41500273,-608.634741391,-1816.10409228,542.938596472,2364.27383181
-3654.0024371,-2457.655466,7992.47367008,222.029618204,-20.3050052577,3103.69656029,1842.81232914,-2535.50644573,345.287129817,803.950988602
-3707.72231053,7204.79953953,340.706850846,2469.21786206,-1052.70361075,9581.71393601,-8767.01894458,-4234.16615003,431.297931862,-2216.73396454
-5499.04447181,535.400299879,1460.13951637,5959.39771276,-2966.26190717,325.826617216,-5597.31307277,-5517.44113205,895.984351308,-915.71206885
-3461.76385621,9857.31265561,-924.693847734,-258.023120783,-2253.84531829,12819.1140365,-6107.41120224,-2502.72524012,337.871226784,-1123.58704567
-2468.68781136,2072.5463428,-4329.91292734,2150.35170695,-3233.68354637,25.1964323589,-1477.73704482,-2972.05157788,621.591251971,-1457.28083239
-1790.1486638,-15771.4679941,-3280.2304487,6865.50517129,13239.6834413,-1562.249586,2783.32514531,-198.362633021,-693.984698564,3611.02466958
-2161.67234349,1545.0052015,-5173.63222572,355.588919221,2.10848773054,4814.74882593,1643.46551586,337.601786109,263.819123099,411.206637696
-3650.89783532,-6442.98924899,3005.07504536,-1768.77538929,-3413.01310907,1857.00702347,1909.27121863,-1754.03707005,179.106497895,2205.34465292
374.207373124,-5391.86601335,-6855.92758526,-625.390012524,-6303.37111995,-4727.45698177,1705.73002917,-2521.46325294,568.853859743,1239.35471489
-850.873824403,-4352.6149104,-3865.87575183,600.224410762,1737.51802263,2121.47228191,2668.14094321,1672.4162278,255.368074244,-1297.6964193
-4836.11917168,-10316.554246,-6051.54030201,2150.79404949,-2081.78121049,4530.22241592,-3221.59144355,-3529.22670947,404.586743748,1575.04175302
-5238.54836245,-252.04995396,-4141.67708138,144.462702239,-632.90701404,5564.76052012,-3838.95971566,-1438.62811605,255.465581853,-1287.45412703
-17597.7839017,-3684.30000028,15476.7773936,9107.42284242,832.571542576,-5259.67956369,2407.60144367,-4677.94171689,1147.17429779,-1956.73781687
-7017.79594647,9484.28903016,1599.78484361,5694.21403393,-1559.52820447,8122.22108852,-2135.76522569,-3824.1685144,922.885025226,-1273.21215482
-990.483246753,-1733.07200539,2032.11384817,-4639.79550883,-2275.98205986,61.0030577565,3178.95847517,-1766.45506655,534.207761198,1936.92824682
-964.196509801,-9949.19467206,7639.97785182,3378.37149425,-5996.659321,-6544.99005907,-333.255659422,-1356.70221617,260.067070491,134.588720026
-2232.66170166,-1432.89027815,-7753.32763511,1454.35880497,-5833.76839997,-6428.08091985,1484.9596148,-4648.33977331,900.095565431,440.035451569
249.426901347,8103.97426865,8680.60654341,-7873.31726457,-1630.68545018,98.3527220806,-3915.6585499,-3262.39738014,-23.5510441105,-3544.38067553
-8052.24469873,-9536.61936899,1173.41884854,230.945193376,9053.41263475,585.432801824,3762.24280785,2836.00653295,-704.703178414,1497.34345898
-3163.67560668,7623.73049864,-7644.57062264,-2175.90649195,1095.92228127,8797.14698687,1770.3688789,1142.91394707,-242.648298976,1191.84267797
-7484.41653031,11907.5910327,2637.37564299,1872.60025483,-9881.37540781,13179.0280591,-8500.3320544,5197.93021219,-530.018585047,-1758.84956622
-6648.77406016,-611.341863399,-4451.33453992,-733.49443962,5059.7878337,7779.77315004,655.526863987,543.837118885,-225.986218088,3249.58350695
3439.25456673,-4303.85647143,-2378.95478026,-11727.6002316,-1727.57083141,2990.2802913,471.634469584,2777.34343987,-811.012651488,2590.52526763
-4940.55522075,354.402991228,-3689.99994445,1455.00291226,-3483.27472226,4720.89600263,-5370.21920988,-2665.63098002,157.03674265,-2290.75902402
-3538.25623338,588.645026365,-3143.31777765,2795.48167343,-5193.17359775,4377.71858435,-7835.89684141,-4861.21168907,656.342201016,-446.53988958
-5381.49430215,10525.3885698,-4494.83023222,-1080.50826889,1837.78611913,6805.24586869,500.011525612,-1382.28464242,111.041229017,912.878423052
-1832.46844903,-2634.75528105,1291.86775281,-1660.51383869,-2117.16057744,3168.75701958,-38.1701349217,-801.965586779,-0.960763585221,-586.160615479
-3860.52701646,-12365.8356053,6498.95945141,3924.30845374,-2129.18576117,714.817757237,-3928.18507221,718.355207196,-300.25704224,231.629384511
-5130.46350713,-8687.85054928,2506.7122136,1315.554397,-2798.65681802,3072.09260096,-2359.57072399,-2806.22281832,295.039418878,-1115.3718722
-4709.64405525,8992.17446325,-6865.55048124,14849.1630681,2898.84743361,-1866.6113292,-664.385245439,-3095.4264819,388.379850606,1885.20039443
-1061.45507476,-3843.72437845,-1634.7277018,2339.1735364,-42.5214929881,-2503.19145713,-2938.42341371,-1158.78569517,-59.9636462712,378.034687335
-3989.20911259,-10977.8348882,-1420.09695519,5211.8017647,2357.14638825,1225.00440647,-4214.33437211,-3565.98690951,365.234923142,549.657249292
5339.8203529,-3277.72917571,4652.03269787,-4475.9978112,-2733.89260881,-5350.02631126,4057.48972501,-184.606193642,-11.8041910563,2161.70938635
-1211.96253331,1791.40921875,515.047183402,-5986.5142561,-1324.27506013,1004.74628128,-2275.66102552,-1580.7028574,32.3887837634,908.791679975
-4964.11778513,5775.18605691,-5817.48249356,1354.42068492,1410.13472097,8240.38728158,-4712.37468536,-373.619372881,-230.731042709,-810.661213785
-1680.93240171,697.418393854,6240.40736607,-7178.87460803,-2153.45296427,2378.68251305,-905.64155862,-2191.28775332,11.6686762331,977.447957209
-4901.67097049,7273.88259333,-7526.42203198,-2028.72848541,3133.33370582,5821.73506678,1682.51373431,-395.073720125,131.164387374,1749.68527938
-4583.29212754,8990.38561628,-5511.00706917,-821.866751606,2610.67058275,4353.71595942,-761.480200599,-1590.70405132,176.965141304,981.400767782
-635.12485578,668.435974982,-2878.03175356,-148.999552604,3491.35913085,1850.46839516,-1874.3429101,1051.74196234,-505.933099,902.242900825
2093.14527463,-9894.85581745,1586.46952028,1214.05459116,-1378.68709633,-5887.7354045,2327.26904295,-4183.47004139,557.433922987,-1004.04587369
-2689.58611005,-2088.0918061,-9472.50829486,7778.85165128,-2616.27007683,4458.27984562,-6112.76291845,-2570.58417009,1112.4380536,-3008.68550017
-9624.64357198,3342.14194517,9125.62103254,2283.89038996,2852.30816037,4355.37466808,-1343.79730908,-5852.25836105,557.565217593,-187.728084067
-3745.88838504,-3137.90659991,1134.07710778,1755.13629789,-4314.70977533,-289.543244913,1171.14272237,-4300.67352774,778.080537641,-385.860956414
-17011.0230232,12076.5824621,14568.4783366,10069.3341912,9943.38140739,1815.433679,-2811.05504043,-14317.2863414,1992.00382918,-2031.7267511
-7648.14403007,2067.77619296,8096.8197849,-1803.82089546,1178.26759306,1530.12903534,6390.18639191,-703.206605637,213.829125864,2678.20674711
839.696927618,6688.76187851,8180.30353213,-2461.64187386,-7557.34781031,-6402.50195921,-629.16717805,-9923.19641667,1508.13309872,-413.991412558
-8269.75313585,-19127.1981094,-4106.69971743,662.209468905,12287.185708,7084.93623023,11303.9098216,-166.315707219,143.078786665,2006.44486265
-25954.3747023,19562.4195175,26499.5115106,6176.19360186,5836.18251964,-9390.01248082,10017.8253869,3464.65429034,-318.2293378,-6058.93927247
-13753.1966206,11904.520442,91.1198852338,10484.5934837,7069.75626844,2867.10668547,-2344.32439425,-11298.5464816,1629.53467833,-1726.09138814
1768.42433069,-485.982194014,7875.57015829,-2160.1810934,5721.9359006,-2046.38779733,-1388.13926895,2906.39403854,-1318.10218306,-1867.50086483
-2605.58527615,-5959.58225165,-2533.26302399,-12581.4131653,5144.24990505,-269.465019844,5025.39015048,121.268190407,-424.050576524,4498.28459352
1024.52223973,8493.53121525,5673.53479642,-5935.40005852,2491.73826481,6232.46547879,13370.9001435,1713.7790946,-32.3859376832,-2461.66964715
-3948.27554371,-5206.2244907,2378.03612016,-888.040533059,-5491.62267103,6295.07787036,-1530.95402888,2309.85677834,-369.17032675,-321.532607054
-4829.80154703,-3802.71176913,13544.3086631,-6852.25339286,-6214.65587878,2417.6420576,1966.81641773,6478.24151343,-753.154952944,2942.70555396
-10990.2517706,-2173.11361075,4714.48364513,444.905403241,6962.97846589,2059.02923462,2472.38949646,-5267.06241967,508.981682484,1182.74921582
-14009.1300374,-14053.1815334,-17950.2604028,12254.2188374,945.223045407,-2627.42772098,12442.5801404,4119.13753364,320.030925693,1060.54647808
-5968.05983178,9198.73280926,11237.0794259,-7511.36834276,4767.60114437,4046.24477509,1421.23684426,-6379.48078068,621.223793751,3152.87073766
-578.455851089,5400.88494321,8180.36037079,-9311.67836554,-2547.61258682,-4382.1007525,466.53777389,-8067.858487,1098.95943572,1708.72290361
-11695.3216,-18788.4165665,1052.93391504,4843.02241869,-1604.68186496,-366.815205178,6810.0749677,3753.40974497,30.2340781189,-531.096016425
-902.767680928,-13812.3400075,-7014.27969305,-5155.72673677,1581.33773418,10098.8753456,3976.95763744,2671.51513983,-30.2054867379,688.524623742
-3910.94665672,-2987.73718653,-1069.05078936,-2763.39996722,132.34264542,2533.45576023,1902.31764363,-1427.74107708,309.693769809,1177.22061901
-12775.9568644,4518.47665042,7895.11721336,2106.81571902,6999.47041549,6632.17710441,2720.99840711,-906.312554461,-139.261181916,2551.46348898
-1926.65274196,-7405.46795755,2083.67300116,1245.54455454,-5234.02304053,1393.89683078,2794.58612053,-2237.18562237,501.674436088,-649.281312143
-342.340270623,9124.73620537,-5585.93252265,-5743.85662483,3548.78517142,6647.64297884,6785.15566414,2312.70460327,-506.354147423,-3245.87481048
-5188.24191545,-2761.67142544,-534.194609268,-11410.1909308,9341.68153428,52.9171165149,6690.57706539,-635.147060515,-258.703952282,5088.82399598
-4892.88828631,6399.2768094,6490.93470989,-4797.31273866,2733.98096981,6231.39530581,2544.60209204,3054.85555647,-781.299494028,2544.01159184
-8156.91624816,-14178.2148626,-17040.6517028,8028.7809854,5134.38974543,1175.66367046,11799.1799141,-2811.1667878,1177.83980488,-536.714913185
-3327.16964098,-16733.7800126,-6193.56151264,2060.84465127,-999.84598085,3951.97680044,5113.66821218,-1588.83014283,511.812790788,-662.259618233
-829.112497714,9311.75792731,-2053.24324237,-567.05235422,2135.38394219,7152.80942162,8908.04730161,3542.29471269,-719.396794792,187.875863748
-1747.94538859,-5347.21242758,-3528.76108129,-3580.23573296,-967.420441218,11838.6677575,4210.59194653,3067.78246414,-487.237812667,-3543.92059376
-1198.79328539,-11443.6339564,-3619.6441009,-2568.56716362,-2750.63377837,10544.9037883,-787.826164993,-28.0796659234,-74.3626635972,-85.3870115349
-6091.29227229,961.323609902,4346.54598492,1095.67332314,2888.54498934,934.854716781,5586.07783338,-3798.90365118,593.702784265,1851.0752819
4278.35392307,-1436.17738037,6020.25889331,-7088.42634412,-5158.26326994,-2265.51546655,8612.13103128,-871.473229356,258.592464236,-4991.72919796
406.227621051,12802.4696079,-18329.8451585,1128.79681677,-3567.23860807,2165.89719088,178.741924227,-2710.9190698,805.94472887,-309.859361595
-4992.92283433,-10856.5451923,-7543.07073916,7130.17549002,573.332639702,6430.71154202,11931.1804104,697.019514428,267.736806392,-5024.8585185
-2949.28304792,-5431.60027248,1105.35575888,357.196406714,-4090.67370462,511.722981456,1147.28856981,-11.8191307261,62.1692343712,-492.244519379
-2681.12582874,-3282.62536951,718.972904162,-1946.63228736,-1264.83235162,1789.92800977,390.540540698,-1646.17331349,145.836152559,306.040515614
-6756.14176828,-741.88758001,-4642.46240186,-1922.32434792,3273.35799331,7195.58379738,1173.32486956,-678.157752143,52.4310523485,1721.10924502
-726.908694138,-7585.71167646,7349.51201091,-4743.48832746,-8085.12388903,-9639.24586088,6751.87003112,-547.707722156,320.190361578,341.008133328
-5516.41595136,7426.21838627,1415.45630326,-7747.47533098,4638.82606905,6053.38978757,2678.8056676,-1196.8859384,-79.4339066549,3567.64934715
-4309.25889618,-2563.49826202,3796.77667438,1286.64002942,-7437.1903918,-7021.89319288,2044.59660275,-3917.69246454,847.204386867,-500.979567156
-1839.62939507,-2364.85471686,1546.10542967,-8139.23436438,-2978.00947425,-236.533262237,983.582952886,-2338.78713189,260.114625633,758.621667199
-1077.73333822,-2116.42869224,2053.94923595,-7885.31220478,-1493.23963405,2701.55909691,2263.53898281,-673.929765587,-72.5806616322,-2821.66033458
108.626816915,-3971.27022857,11437.306263,-9082.76518929,-3514.60190367,-2315.08110839,8275.4793619,-1808.34575013,241.554725908,-3016.25707066
-1700.53391108,-4225.17558526,-501.690826393,664.85669452,-6841.86194306,3465.97729176,2421.69632624,-1979.92073068,401.448949356,-946.574493274
-3147.07484599,5352.87800139,1295.78191468,-6091.91025675,-382.84294427,3899.04638073,-702.316974269,-1768.37456332,100.061752653,1460.17765824
-2280.16999278,-14656.7225329,-7910.95358654,3966.5952764,672.953045987,12076.9145897,13115.8074834,1582.82853859,104.870504204,-10299.7071648
-3261.12489923,-3612.04094412,11966.4817995,-3339.10191116,-3468.13622863,2006.93168837,6167.20244222,-802.255147261,393.650827972,3159.7911308
-2409.40104001,-914.139459388,3291.64446609,-6384.90767121,-1151.37923903,1013.02346961,-283.547634221,-2210.65102983,97.7109664673,995.765243506
-5503.78606601,-5996.82898731,-5136.42937804,13688.8744073,-10221.2351317,-6492.79607445,10235.4450295,-4252.20183476,1601.19545589,-2614.58917756
-18847.5902865,16997.8544236,12215.0889485,10489.0670217,9530.27384717,-5531.48346584,9950.62930971,-10300.6620632,1808.02856828,2590.39996541
-4409.47227943,-3809.71438392,-4344.08938418,-12047.6587039,8470.59557218,3753.94536602,8025.57474254,-1569.93205875,-7.04529209909,5646.89845179
-2531.70829711,6867.00454893,-19364.0319755,13753.8199125,-3952.43876259,-10917.0429705,4361.77127542,-1995.50918542,934.002319617,-4390.29069131
-935.501065828,-3873.13166583,3307.40026882,-7075.49981629,-3163.13686736,-665.821307413,669.33612604,707.053439767,-294.170494969,793.872366534
-3545.31652057,-3315.30356407,559.858644945,-2686.06880251,-2099.39247772,2302.19325318,1040.43551989,-2013.98563181,358.598786687,-87.4096185931
-352.98195903,-3928.66415289,-6853.9957611,3552.73323232,-4062.64931565,-3825.83213297,1553.84788228,-1906.61552209,421.996569978,-2079.06097483
-231.111640928,-2432.56977235,-2746.40927254,-3973.28518939,-5868.40381517,-3718.73390291,240.234202474,-3415.15730761,460.567390274,-46.384123514
-3638.42018618,-22047.1665891,-13584.166706,4435.47950747,3478.53341159,6613.45611453,11121.8614801,1735.84736858,607.772885137,-1751.88183527
65.0608664016,1253.65815352,2028.21613276,-4139.60883855,-4875.78763813,-9268.85870195,1384.80701438,-6101.30046131,769.163528706,823.680374428
13498.740193,-10232.9407484,2065.56962154,7062.35378965,6298.70573149,-8008.21022578,-2421.30873456,3455.78777416,-2324.18749167,-2155.92091289
-5805.34090608,-3462.26349247,-6670.25797913,5214.30532213,-2435.0489183,-1695.07731074,4364.23938148,-1479.12282499,776.649899456,397.080535097
-13911.3203909,-9395.79187284,-10330.021991,11133.1796444,13565.506522,-1573.24061044,13939.9075611,-6529.45538048,1509.92087032,601.247376342
-1597.93125551,-1998.53800802,6635.54994429,-4370.01238327,-4174.89078818,1500.93214006,4201.38773913,-2669.2530139,742.267992863,1259.51876405
-1369.08099696,-4739.51752959,1885.44349951,-3159.70433855,-4809.04444896,-4169.83000509,568.487271682,-1106.06914629,98.1907256316,6.71765940974
-6119.37256324,-6315.12538216,-10114.6186294,8911.25950292,6467.2736111,9033.76134106,10450.4815196,-308.925120904,398.757134708,847.75229614
-2005.72616803,-10389.1114699,-10033.5118997,-2544.11805876,6640.17269256,12215.2448795,3241.05066234,3267.55336914,-730.741274732,2060.52990425
-4560.58940254,-2390.95311926,3153.23451115,701.113625776,6093.6353148,11249.6842754,4841.53936523,-2115.97275879,43.9907704311,1334.94646969
-5119.05683373,-2343.60861949,1244.67632145,-2470.0631619,1833.31304679,4753.58394589,4065.05451329,-1086.17357181,149.798789216,1858.13589457
58660.4826689,-14995.8194509,15381.144342,5462.64315764,1242.47045807,3353.83308417,5642.95390785,2518.51426143,-2223.61354684,530.645106156
-7097.55566375,-5765.94757579,3388.62179382,-10019.6837632,11815.1567518,2180.80053162,9559.1501534,-3570.85451024,-113.747826704,6189.30737662
-16287.4949619,3165.50617624,-1246.36338847,15793.6282472,5907.40778127,-1735.13438363,11358.0603904,-10226.1951333,2215.58466468,-5695.29602959
1414.09890158,-719.13018822,1847.6383076,-7023.292592,-5332.54716865,-4425.49815172,5693.79007261,-2937.41562089,868.692554471,2278.88877026
-6610.70531882,-4524.92862703,1192.01200264,4477.45440027,-4760.01154479,-1464.68182011,3861.07360848,-3329.66609685,909.412218741,-924.354504763
-1162.0497762,-4980.24303765,5439.75036339,-9704.30172749,-3837.44885514,35.2398119537,1629.9303745,-2518.31084755,137.788617077,1925.89534922
6229.34009729,2288.62863011,3578.13508272,-10850.7787153,-4840.33915744,11096.3540265,3092.66591983,1551.8982189,-449.925769866,-7716.25147161
-4350.75353279,-8816.66334119,2440.68898537,1094.13361714,-4011.43907436,4949.12196762,-898.567414361,-2248.54781983,447.327255102,-1638.85464556
-4285.37082721,397.396806297,2652.87362495,-6391.28799107,2048.16522869,1509.19314178,1031.21437274,-2257.83575942,51.0891846047,2385.85123789
-1049.29859289,-5139.74318088,5385.77662501,-8932.98700766,-2680.65426026,3301.79804879,1904.64253419,-763.57389435,-91.9717934857,1745.93461947
-9904.99844577,24075.8270412,1445.80423283,8830.60277922,-6861.31885105,699.253799185,13555.6421893,15360.5854878,-1274.09958258,-6738.82626827
1243.1346053,6957.78570223,-3975.11934079,8981.64140638,-6563.24639962,-11554.6596702,1995.45057149,-6454.12970735,1367.63050089,-1866.93957629
1396.78810121,4781.85870464,-3701.0892452,-9208.27487359,-82.0855270286,4999.46608327,-1668.56582205,-1426.9098531,-148.899996777,2827.15863148
-175.56390284,-1400.70912655,6320.33890662,-3545.01151194,404.757463973,-915.239145082,-2400.40865018,1449.15015551,-722.582233357,674.822988887
-944.817884447,-2898.02465699,-3080.09524722,-731.795537678,-4530.96026652,-2850.31975311,-219.736637571,-2938.9750528,457.46039599,-449.093185369
3507.27489954,-969.490614675,-13556.5887828,4865.37677377,-3724.43542132,-4545.78062106,1677.35186234,-2391.71322371,617.184462062,-1506.50362448
1145.94038661,2957.57168886,-4506.85421133,-5374.15247687,-8119.55495044,-9069.63251426,1510.54397498,-2069.03867347,781.42760497,640.916461047
-23080.4015956,31931.6757592,5406.22597815,7055.43995823,3849.90984164,-8044.48709517,9070.76001036,-408.519325447,686.552835046,3544.81686957
2034.34617815,11649.7846086,10414.9533196,-8821.88435925,-10547.0605117,7618.01255894,-3097.37410454,7335.53307022,-1210.33389555,-8200.31844899
-7004.78871863,11325.1684064,-1037.20886863,7318.21041163,-108.981214121,3529.56679967,8035.44278835,824.557142503,280.262256532,2805.97661841
-5331.42611543,11244.1624868,-2653.76207627,945.791138946,-2162.05937838,1408.75222292,3068.44783224,-4947.44575291,1176.30444347,1552.17507608
-2871.28821841,-26195.7687185,-14638.8224325,-7912.63097723,12494.0153772,-2779.67315961,20274.4669901,2777.12693858,-559.774020454,6002.28968611
10070.6378494,-724.850075411,-4923.89186021,-4387.56393355,-6430.78447391,-3714.24771314,-1211.27980031,-427.350043935,-114.421029397,253.628786741
4578.9629309,14425.2266368,-2604.57217416,-11559.6067355,-2402.47569288,-3759.07847729,1389.2644186,-4403.11758813,512.804290462,3519.58245941
-3395.95932325,6916.85651772,2667.10206238,-8957.19347482,4275.9029847,1839.61311529,-171.097089016,-1985.28174525,-211.722284885,4200.04854885
3787.11063898,-8456.33751809,-2671.69859033,7554.13183964,3816.77717467,-535.080307441,-4140.25611251,3607.14805643,-1015.38156442,-1080.43458511
3826.91953642,2224.2831889,894.520926867,-10849.3241697,-6797.6473576,5805.57964114,-2815.83620618,1414.62922231,-531.38058956,1572.93943097
-10238.6218661,8314.99519639,10690.4385209,-7789.98881394,-449.339776706,-3684.90633354,-1816.47757723,-881.832163097,50.4757125416,2863.3849313
-4669.86932656,5478.24791937,-2898.84541047,8135.12091508,-6641.76950668,6457.48455842,-6570.09204833,-7089.37869906,1223.92369202,-3982.61554041
-2778.34504619,-1231.13728775,-6352.01812905,8134.62092352,-2088.8464896,-4179.40195272,-735.320992116,-303.83988483,419.379842336,-497.249538106
4349.37681898,9957.28572801,4179.17146902,-9207.45654024,-4434.99000581,-2148.77139795,-2688.79374732,-5889.51752529,553.610758449,-147.701452051
5043.16014941,-6407.62203047,-1702.87891578,-12134.4304246,-2667.95819485,5160.16920182,879.86520459,1795.7761482,-535.390963533,2896.68035133
9098.87887831,2345.53562808,-2659.2375717,-3428.60061603,-9154.69710566,-3802.27965556,-2153.83810471,590.293389265,-171.733204178,-255.845979456
-5784.46195786,22178.0094835,-17038.5893368,-3692.22404364,5085.09955164,8575.36240157,4057.27055039,3538.68821682,-598.483184504,3299.7148784
183.860525179,-326.197780469,-5022.66535006,3764.46460991,-3321.06023013,-6370.35990347,-3000.90309221,-128.874123248,104.129979166,-2037.57558821
2403.51805221,5965.96425846,-5181.40337258,-1943.69961756,-3710.20430238,-842.24585631,3251.76575633,-768.802653432,97.9720411371,-3563.07705558
-7427.77789613,10754.6635566,-1776.43210682,7697.18986751,-3013.22652476,2136.71808783,3969.88156904,1944.09303147,275.737814023,500.962975354
-7401.75342009,11088.8577087,-1382.81703304,7774.70776415,306.277458311,1663.99547425,6776.95853991,2455.56511469,143.821046431,2144.05805012
-1263.934625,16840.2887763,-17543.6385631,-1717.27214601,2160.88036273,2541.16980836,134.39994494,172.552987134,-28.825442614,1111.52850651
-995.163966715,26109.1768018,-2154.65967329,4622.15688227,22172.5095515,-16817.1901577,10172.5656229,5331.684234,-2404.23233516,4050.15995225
8885.33414062,6289.28502249,-14659.2607123,1035.11407159,-7007.85579792,-4076.79436557,-369.720558443,-225.379699568,310.235530215,-1518.09886143
-8676.81132841,23628.8090801,-3649.0373649,-2570.27096833,3189.77120317,825.22254871,5466.8661925,3298.97170196,-401.056426359,5054.57241035
3093.84543742,-4890.65883402,301.737401401,3533.67099237,-1787.5035837,-6087.19978973,-1106.10861319,-1443.98776888,-0.484276098803,-1532.57098077
-4163.19021936,6917.548023,2504.82634324,-6268.73374401,2944.33425057,6946.43004683,3703.44639565,2193.18482869,-444.823170222,-446.78042047
-1220.04140818,1933.51300017,-3160.53860843,-6468.50785929,-12018.0233684,-7527.44238215,2587.36845272,3373.73482127,-124.96132064,1616.7378287
7240.05694662,-3442.95517443,-29.5387321025,-12454.7125618,-3341.59782736,-580.847059296,3276.77207472,-1139.21990051,-127.040281061,1907.86194156
5634.51600663,-6198.86013848,-7510.70910232,633.19722697,-4870.32553981,-4169.61941299,882.892367053,1608.17670495,84.6101775892,-1943.90579067
-2755.59275468,3616.44571454,-4287.06561203,1811.65665029,-7917.45451603,-4917.87462416,-649.449044632,-1644.72460422,845.18349667,-1321.16978838
-16404.7465527,23915.5591953,-1728.43764511,12288.1407404,-415.604329386,-10874.9718215,-794.71101374,3219.56670985,238.215817541,-1198.08055357
-67.3342622819,3164.31824181,-1727.30250774,2558.77091516,-9047.39856913,8680.13604291,-7595.14279923,-3320.31796942,693.975186148,-3145.37817774
-2291.36296718,1834.11277177,2206.79751574,-9194.14804776,-3199.05031798,-693.584988816,-862.170403126,-3557.60541746,283.328377213,1213.46400507
1504.53165017,3301.39767201,-2437.65409867,-781.128675328,-8280.07558886,-1774.26148878,-2627.25273499,-5712.14902427,1056.07976102,-1388.52045054
4155.00678862,8140.41900916,-5445.35174206,-9869.57691886,-6682.67477233,7325.71431175,-2718.67657291,8896.69768525,-1369.30013632,1043.94643402
-207.931145322,8520.60272381,-12420.7367304,78.6671560844,-10763.9821837,-7600.61353434,1521.30320818,3337.30651273,241.893944266,254.435482261
-520.341070502,-3627.5173993,-4425.22427193,-605.954930469,-7472.84217938,-1844.01385063,1590.42574569,-2730.94009069,711.764333203,-1660.84716965
7708.5064271,6684.89780043,-9598.66911069,-2811.61770948,-8029.47467589,-4827.52880527,5006.97946184,197.449466127,315.940853444,2095.06622933
-1265.66299322,-1903.10134572,-193.226272129,-1980.87032243,-2906.62520785,4217.82592145,110.256683255,-466.266883206,-80.1533364008,10.8524181127
-3475.95345178,-4897.63219382,4604.00324507,-3304.12250968,-8134.74773342,-6161.56183772,900.61461065,-1902.67406303,646.225366127,109.150387681
-9470.12810427,10881.5555172,8409.51529839,2955.05751646,-7793.65520789,12997.5292866,-6365.52620484,3907.7891098,-443.305168907,-1078.41998679
-20477.8232444,-2791.42850376,-17592.8314445,11431.7041585,-1572.35186449,-2438.94841495,7157.28884776,9523.25250705,-582.024617451,2653.57319606
-17817.0524024,36857.8663169,3442.40890442,9888.50930854,-6734.05444532,-9683.59299255,9154.86949101,5193.39466858,133.049351002,2886.96279047
-6443.72935065,10946.5477348,-712.704352746,4227.30881791,1690.55144572,1777.63800125,4565.17838905,1581.09292065,51.2139799557,2610.20687033
-188.932114219,-1448.31025134,2347.29288965,-7156.09619169,-3283.62871038,1079.68301469,260.672817561,-1294.77331222,-122.914702788,768.378066898
-9239.0496125,3936.02426858,-15382.0634581,13431.5326966,-12642.2216988,-17367.4538404,6814.31413721,15734.2305232,-1176.84279977,2485.54053078
-1722.19467239,3377.95909157,-2150.93826169,-7842.05445839,-695.940879949,299.175900303,-2996.67557128,1443.02447527,-369.472408766,1420.48246972
5599.94132802,1890.92653377,-4517.0730182,-6945.07352235,-7838.73754918,-3319.11023398,154.850719416,-3277.42593725,558.452561726,1182.58892517
-2256.75159257,11485.6230911,12545.7790768,-219.189711677,-12188.8267467,-8627.20686012,-4199.04147557,-1844.60197248,457.718654173,-727.930300262
-1702.77851546,2557.7267407,-4076.77463976,-2223.37252009,-3589.90817567,4925.74919611,-331.94586508,-726.701815049,164.417928475,-418.308662804
-6363.11109691,9298.04790658,-21012.1594796,714.224783097,-12351.8490497,-7245.64121777,8678.99002331,11782.794226,-666.000279146,1792.2354918
4459.6453075,-28.4612009673,-2956.71212444,-10281.0210946,-4313.43213487,6233.30046255,-1722.97544456,53.528394806,-320.546144843,2455.77748715
-3181.04316319,1083.91071022,5025.12365646,-5129.51859595,-7539.92338123,-10235.3190347,1597.93064536,199.64311854,226.033298797,1798.63276943
7589.52479714,-9084.10593758,-6192.46021194,5733.24360877,3247.72531997,2723.24109219,-7296.67834341,4323.43777942,-1667.40125054,1547.22844354
144.242444214,1141.58354142,-5154.85414989,2079.50100395,-10759.5560885,-7288.45809123,-1490.4986108,7957.19989755,-566.831913558,-2204.17585921
-6531.508774,2485.96242562,-8374.95150411,9904.1392128,-12802.9953869,3241.59120608,-1540.26561072,6640.81193067,61.8537863612,-1481.85015576
-7273.7575422,10337.4869208,14951.2228852,-4574.04121881,2873.49717849,-731.581225128,-2188.45551274,-10981.1844119,1072.25934453,2052.28162267
-8136.27171396,24926.4249614,7957.87718127,4150.18546119,194.189270465,-5946.41992699,16884.1232291,-3787.54688839,1309.15663174,358.965284468
6023.22399756,7302.00836972,-4621.63867003,-9940.64430204,-3479.74574667,7654.91387878,-5135.21561663,1947.99646561,-587.238594121,1588.02147943
5572.50108268,10854.4682833,3561.19313429,-10958.005821,-6244.72071452,7836.42472391,-115.734076566,-401.852044873,-146.500242007,2874.97895479
5124.64119294,4006.97552798,147.281718586,-2499.1406119,-5897.75159834,-8011.58778795,-2545.81836906,-2791.91984683,309.123061363,-422.333442022
1673.80076445,5548.1024603,-2134.2448942,-6256.79858361,-4545.8767632,-4644.04679144,2546.80536872,-3087.1533886,489.703055639,2513.53913642
4335.61082962,3143.82636801,-17584.5473419,3389.23952062,-3474.61916808,-8766.92513873,1748.78755088,-2181.51787835,574.8506421,658.153701568
-13128.1823539,15859.884715,6780.32622288,11755.2416273,-3981.88235225,5955.51979946,-1570.18552843,-2853.20355059,997.133498331,-1071.07214468
680.403203884,-3548.87924763,-3957.83765278,-593.627370796,-5914.18327918,-1731.2584945,-373.637903516,1048.13317096,-91.5602841376,-698.801549254
10036.6339281,617.525896127,-5889.48379756,-5766.51087531,-6917.42488635,-2959.85076427,-1839.45764095,295.644308294,-172.141997263,286.715435754
-3054.49834153,14482.0781505,-1468.7289436,-9481.48082179,-3357.39785317,-2441.56385796,-484.406430617,4264.38226898,-572.841451368,3820.42481237
4241.99098039,7829.26577617,-9460.87662958,-7558.70295928,-7203.49029211,2917.74356685,5764.23119179,2543.05201289,-3.41974916884,11529.9088896
307.388746366,4350.29301444,105.004720348,-6929.20939076,-3133.94479548,-1046.02497377,-1773.43477699,-2042.54782305,105.057545488,559.731528528
-5569.327462,8214.24865002,-2951.19151224,766.105656039,-1449.89093384,720.51121745,316.726925137,1484.91187667,89.7460729635,1780.98363315
4607.83654819,849.945791341,-3509.35862414,-6000.09963344,-7399.66623827,-4369.70286102,862.563557891,-4708.86406826,590.688720731,1596.25861281
5690.63739993,7328.73225223,-21541.5107902,2601.2405724,-3454.94382216,-2211.05478731,6672.17448939,-188.496572982,1080.30911467,-1574.51291688
-2611.67041092,3932.56428383,-15143.3370366,-604.769952731,-8616.19202611,11082.5040891,-4055.61089962,10316.0471599,-1072.70086337,-608.311530975
5430.87100397,-179.102550422,3074.96314405,-11178.6649683,-3578.68640022,-1880.7046654,-204.975908062,662.552512474,-531.906851959,1843.36949026
78.2167416396,2017.27677264,2228.91126782,-8815.31140705,-4878.17009544,2119.86292637,-999.952735528,-1690.62847407,-107.605160831,531.871233591
-2718.32813387,15784.653114,4982.25392654,-7086.47775744,-10234.1049303,8452.70530646,-5119.91354902,5784.19916623,-707.111001336,1282.0325752
-1819.76066938,4523.16109083,2326.29220509,-6531.69108383,-5818.58878922,144.624993962,-3080.16458542,-1174.3638663,-7.7475487604,431.110293938
-9229.26024069,1809.3736995,9791.75631176,12635.3057502,1770.08688333,2231.92891865,2064.46419835,-1934.94697824,362.844514526,-1802.14436617
-12575.9300339,-4630.80699162,14966.0119145,1902.04421438,1627.80224653,-256.536983108,-1379.19284565,273.253154772,-90.2408361197,408.464966412
-3472.54823023,-3357.9616226,-6782.15392024,4493.97981604,1184.7542839,850.362573651,-4382.78251254,-945.585748988,-82.4999243946,-2285.10201479
-9357.96043844,-8903.51391682,12057.062451,7574.50599609,-848.936986423,-2159.35386049,-3241.31783717,2000.10960784,-168.807402084,-2599.91361238
-2697.32134183,-14240.6801224,-1359.89268084,-1797.68362208,8051.70378422,3245.21549989,962.559667361,443.593933659,-637.040058403,1514.26765978
-44.8100420809,-5347.30283941,2520.30895003,-10935.0793681,-1701.24694373,485.182611733,1405.06789125,3914.39360905,-999.705011159,2986.22613627
4944.10325114,-3290.32088786,-2241.43289283,7785.8347374,4484.23831934,-4845.91380251,-5714.7640025,2629.66824586,-1494.21240677,1137.25953099
-4515.09725681,-6566.62175378,11966.5374731,4162.25662699,-4266.86989695,-10246.1709417,638.699612384,869.624217684,39.2168641321,-1203.65435014
-7138.45299984,1916.71973503,5049.82145418,9518.22179232,1137.49211467,-1900.20687621,-4951.9592891,-9205.16939797,1345.53852062,-3184.54366943
-6205.63949887,2131.15607757,10514.361439,2269.39768559,-4359.8811867,2352.71688928,-4630.34872491,862.610320702,-111.595938387,-5879.49474665
-3436.47594294,-1004.81888713,3320.11254815,-258.649126272,1218.67399597,1264.78574044,-451.471189495,-2365.07816768,37.3740158506,966.798774559
-4286.3959964,-12494.8605249,-8053.02636021,12443.0418753,1572.70302816,-1752.24003399,6503.42994063,-1355.64390345,520.067646996,-2319.19724941
873.590013342,-2799.14483589,1924.73435804,517.428410057,871.377501016,1504.35464944,-2247.08154321,857.679691914,-439.372004518,-1044.84755022
3402.29166162,-4522.15825316,392.416336633,6314.02602231,4045.10028555,-4171.34591454,-5505.4865949,1557.6612087,-1175.28016656,3056.19784884
-328.368012393,-4294.31024571,-13.804944465,2328.89311072,101.813612914,-1782.40374109,-1730.95072995,-852.231084735,-156.369325343,-880.405598673
-6075.17342806,-1161.53313668,1496.70964195,1413.39160405,-7942.51505382,-9113.91338249,266.514151823,-2368.57787962,729.10040182,1491.04524758
-1587.62120339,-7128.093599,-772.682312877,6264.40977521,-1833.20603578,-7868.46767488,332.917403375,-414.382044318,109.319115203,-1006.67681014
-5793.45750213,248.740212267,10475.0903216,-6354.56676885,9931.46198005,-3257.70637127,3035.50610527,824.501363336,-818.30849017,4202.185809
-7200.0833187,-6349.27351897,11345.9738094,2059.35430806,-7529.82118847,-8446.30758697,2870.38223807,-1156.03679124,422.562798221,-88.5109374878
-12485.2244836,-4581.50099935,15008.3515864,1958.60491263,1521.63091944,-126.999567848,-1274.15285557,164.95305559,-169.606798418,560.856827592
-7311.5564297,7665.38305847,10913.5516824,12834.5809941,13157.5917266,-161.272213745,-2534.46580304,-4217.11609612,-233.704703917,1490.4205765
-641.704503462,-11132.2415516,5141.87386395,582.284886797,-5290.22534643,-7844.20707895,1982.09214367,4836.67186437,-584.160489094,493.735792528
-12325.8007328,5856.45817269,25725.1812635,-1006.73768854,1480.47992654,-6186.06019937,-1814.86239572,7052.99018485,-1210.60481611,1115.51530289
-8486.2319934,-6168.96984542,-1458.88383068,-789.686183615,10883.3057863,5037.98376955,5619.42502691,-84.6426353334,-319.640189149,2794.0403788
-3830.44202855,-7933.74805714,1600.97344321,770.93634432,1552.49776661,919.885624959,-1687.66790457,3022.09043486,-605.030390288,-437.249622341
3106.86177381,-6969.08018797,-1867.52491128,-191.781748411,-1658.14225498,-5466.68972136,573.096958676,-2967.09244309,424.748844193,-414.749915935
7293.81546048,-4234.35288357,-4194.76265453,-5998.13538062,-2786.84680148,-6395.76956709,973.711517808,-1089.51544748,-111.646991649,1327.88004928
-3466.81791824,-8731.41213487,44.0557884002,-834.364066221,-1470.10468761,3781.92909126,-641.133093201,3526.13263628,-660.518589042,-69.4326164464
-4046.29925197,-9055.81117123,-181.813881334,4674.56589057,-464.564201054,-1506.03925278,-1410.44347219,1787.9712062,-370.303200891,-1455.80106526
-4802.75936843,-4183.15253653,15635.6685232,-4570.6305876,1170.9630043,-5602.30228613,-1159.64256646,3539.12962361,-1021.81409116,1950.10182125
-984.459937546,-5398.23795354,1899.15562313,2572.73832218,-856.23962776,-2165.21265261,-1204.19629846,939.550293946,-321.983327691,-834.666270302
-832.17801675,-4011.5422464,504.411276359,-215.149075201,3255.38216613,788.931745704,-145.649443499,522.651425097,-476.711592023,718.198698452
927.937703793,-6150.36551454,10050.1986169,-8857.13359518,-6146.58088987,1567.77706874,-647.82282734,7827.60389988,-1379.47128873,2630.14674914
-4613.97599986,-15159.0204559,-5258.38587421,6402.94570202,5664.98603885,-58.3028666937,2400.33579896,-3132.22891944,386.757116071,-1184.53549026
-1179.65973376,-8658.45132424,699.39622289,6686.42823641,2001.46068929,-2345.3203621,-2431.85308312,3289.55099647,-863.525369186,-979.998473867
-22804.0168205,3023.37688192,22303.6366523,8336.16705397,582.004764646,-2201.51444208,2562.14815811,8783.96203324,-804.481292805,972.043408896
-8910.8909453,-3135.12085063,14373.7379055,1232.61528626,-3606.73810323,6835.72836235,-1023.71535481,3405.42839036,-429.871529285,330.79043808
-813.319722083,-11283.4617119,436.318510108,3237.53909814,1708.38694945,1005.57238413,-3330.95663084,-1607.00531077,-83.6274189426,-1688.82443335
89.6407266902,-5938.81828124,-1480.80868347,998.259162522,-4435.07032679,-9463.03109016,-1180.59677531,-1100.37427907,224.230196898,1222.45917071
-1308.40235364,-3075.16342637,3142.94472721,8005.61284762,2764.33572105,-2069.5274144,-4614.91530373,-2135.97152617,-63.1757669131,-2418.50247383
594.834744899,-3023.57289296,1098.38468009,1911.23294733,-1831.39866117,-4814.74715476,-1858.60444426,-2255.97088102,193.641169472,-1790.88726407
-1972.96665066,-7585.91849819,-2092.99967567,-1053.91985089,-48.0230172913,4718.47078224,-1127.39876845,688.087942499,-232.079518871,-356.29031042
-6079.41560436,4852.36222174,10439.6396273,-7822.57837335,6012.64002934,1016.21819441,2742.19964362,-4048.48698581,16.2975897438,3398.96201674
-6551.31080104,3628.52269885,12855.1433998,-6595.73593179,5714.00136401,-578.014483424,2295.43084647,-661.795311749,-529.952965497,3898.68192121
-3356.61168209,-6030.86375791,-4667.49100759,-2097.1094081,-709.387559539,4212.02302681,-1580.87468688,-167.553783236,38.1021813607,-350.1981698
-2119.49045998,-6856.24460055,-477.891084231,873.711700587,3262.29186723,1589.61252878,-2658.84272791,144.885598303,-333.653592014,-407.022117984
-3017.86029096,2649.2649786,-4253.3693771,938.55651974,4160.56763303,13945.0906565,-2668.51523901,588.390889705,-306.587759626,266.048369587
-3450.45792935,-9766.69448026,1757.96661596,4034.84625592,2281.74182715,2919.02835287,-615.795730545,-191.347177908,-100.574349259,-386.912473942
-2856.60078993,-5690.69490361,1328.38749492,2454.42269882,2390.72056188,2925.11375226,-4335.11770692,9.47265391895,-177.877660555,-1249.19028411
-739.884435677,-2718.22602963,1656.85533458,-6380.05553133,-570.809414836,1345.98349695,-413.701717553,-387.260907492,-323.287671941,937.59459145
-6394.33440087,-7889.4349317,10789.3818729,5017.87542161,4342.54269546,4507.81083584,829.006623989,1280.22720356,-161.203217736,924.442680546
-2157.29091908,-10187.6983161,1659.55157677,4127.94541933,-4.18541554751,1985.6149154,-2503.66331251,-237.922728984,-96.6218637404,-2240.70174919
-6639.22753731,-1420.59071038,9678.93410959,7582.13210779,8655.52411207,-5256.26614802,-7136.01768922,2777.97193609,-1213.52206505,3146.36285121
-8466.98669098,-7369.09859118,11358.4248921,757.606099996,-2507.22517958,1129.36307365,-3041.24443609,2789.14688137,-531.007095817,-177.488907594
2976.51044281,817.057298909,3347.05711206,11668.989769,6174.33666489,-4909.88000696,-10123.2244869,289.235259953,-1196.28832122,-4061.62741803
5797.88532801,-11930.8227499,-8021.55779703,7849.16817871,3083.14125061,-10196.7981271,2200.47110886,2754.09775052,-700.176230038,1775.94466971
-2651.86365949,-16058.996154,-4206.16423927,4963.25183286,4095.36447344,-420.062771062,2099.21791687,-1649.32604069,83.0799734986,-546.53424156
-5810.69173969,-3826.40010967,5773.23414637,2838.80428269,833.668279518,-125.085980041,-4349.56399878,404.679726673,-216.631025484,140.214006989
-4185.41514062,-4009.59870819,13827.2914447,4707.75168963,-6544.53191515,-9109.27921261,-854.305186411,301.012265516,28.8712849703,-1513.5476382
-17755.2580366,3269.37151543,21575.3600578,4513.05154154,-4595.86945706,792.764420305,-2693.78363617,11437.1095995,-1439.5603354,917.846866717
-7580.48898782,114.038018243,12628.3326836,2317.44922792,3118.89328853,3856.16861777,-3820.21941513,-7726.98443625,840.807954736,-641.276072357
-2477.77512841,-2011.11647262,2214.86812745,-819.251272438,-439.347688944,930.10562127,-1007.21830043,-1951.91031322,122.175825109,32.4398469021
-7911.27525289,-4677.31792538,13330.0202392,1414.33576425,-4703.26557599,2594.54327769,-4240.15505461,2293.95868129,-454.288745905,-488.442432754
-1055.72901632,-10977.6063947,568.956562208,2879.61494297,926.144644596,2017.4796312,-2240.93941943,-1942.87553005,108.187042339,-1181.2547115
-2348.95546535,-456.018743017,4604.065401,-82.387550998,-2275.41456281,2624.46802661,-564.711468422,-2440.19821958,360.574062775,-339.99759686
-3317.75172984,-1116.11950774,-906.520952223,-2089.42128867,2772.83286251,6586.20314876,3712.03159777,1057.11094183,-322.412641982,1869.85148755
2982.58086323,-8619.48772207,3483.77542911,-8987.62142497,1119.07902788,2090.31673287,983.34764112,-437.80368344,-460.33105785,2662.48125336
-4146.71997621,-10529.3839108,8528.45215669,4284.72295808,-2334.72802286,81.326118449,-3457.2099821,1434.31501397,-134.503884821,-1551.50344234
79.6888530226,-4174.15052433,187.506717941,2386.3097047,47.9381928365,-1282.09427282,-983.140855655,-385.401676069,173.026927211,-1994.44682268
-10980.3724576,2261.35558891,11388.4576452,2639.03937785,1540.86969081,3535.61661866,-689.958364218,-2815.30270465,285.01497734,102.535400296
-3832.94568401,-8958.11028868,-47.2152455908,4732.83114621,-603.584739,-1154.12582384,-1000.53442763,1865.86657276,-266.378758239,-1697.16866792
1782.22947587,-7970.5489921,-688.807171863,1131.72284405,-631.66893368,-6427.82371494,968.937720291,-4659.59936355,467.68953339,-620.699028417
-3138.12342729,-3079.84049797,7469.49863004,1029.04852696,4685.00988153,3748.41298391,3420.67448528,-217.433554955,-56.2882445141,1667.91285691
-2148.09285562,-8183.53568167,3534.53335073,2344.30113256,1247.20020408,4184.19606631,-3339.9526835,575.664701276,-431.474806591,-973.087005157
2359.77196677,-12156.7351441,2869.38496056,9225.79184315,7878.71411665,-775.067517206,-6272.97966548,15.3247903922,-1159.24348574,1098.43281012
1156.00588997,-3874.30583977,-3163.04368842,10146.3806015,3642.81919234,-5599.66461233,-770.60776336,-145.735871385,-158.204844262,-2320.71281596
1216.84580435,-658.584188161,3751.24245245,-1888.01128569,685.33768034,-2250.02577911,334.521826383,-947.145583462,-72.947674831,1818.26425999
-1408.27458942,-7427.93599947,11064.7600053,1286.25268324,-1834.06510612,313.338322036,72.8547064735,1048.90884206,-137.71575849,-520.268946176
-7087.69497204,-4100.11376053,12947.5771297,4590.60031685,1211.6069334,4548.88466171,7530.46659478,1357.75301695,67.0312909199,2613.97759782
-1761.03660877,-8215.3971536,10221.5576871,-7714.06137859,-2784.19941913,1076.45140278,1937.15032673,1141.09475366,-346.389570518,2168.21170984
-3351.61093819,3980.02909493,4394.10687235,1526.37414204,5400.21155193,6199.8083368,2391.35704439,204.710822569,-79.3573217274,1113.86007926
-12963.2967206,-3201.76433901,15830.3666134,3404.56442991,2767.44557529,-864.818359283,1151.9096521,-3453.19746789,283.753007186,-304.834205075
-2366.46184343,-4734.44254285,5852.50972238,-390.024393768,-1461.46359683,1530.87942431,685.630593384,-2285.1523601,339.461917235,326.330084353
-2207.29810549,-4875.65820011,2457.42558316,10748.1413302,9912.60158609,-629.135231234,-4935.85487459,910.047863114,-1041.24915193,4381.51616489
-25.3533339892,-3425.12756446,1160.1291572,-1029.2142309,-5391.55232588,-6815.60744392,-870.816162341,-4671.49937718,584.971435382,-441.606120277
8988.1509573,-3585.20846221,-10179.0265778,-5347.50166185,-10346.341051,-4704.86870265,-2290.81386355,2977.70893971,251.364942048,3601.21763078
