,projid,study,age_first_ad_dx,age_death,age_at_visit_max,pmi,msex,educ,apoe_genotype,race,spanish,braaksc,ad_reagan,cts_mmse30_first_ad_dx,cts_mmse30_lv,ceradsc,cogdx
1,10101589,ROS,90+,90+,90+,9.91666666666667,1,20,34,1,2,4,1,18,5,2,4
2,10203224,ROS,NA,83.2525667351129,82.2778918548939,7.25,1,12,33,1,2,0,0,NA,30,2,1
3,10205244,ROS,NA,82.9650924024641,82.8035592060233,15.6166666666667,1,16,33,1,2,3,1,NA,28,1,1
4,10246987,ROS,NA,74.984257357974,74.5571526351814,5,1,20,33,1,2,3,1,NA,28,2,1
5,10249336,ROS,NA,74.9596167008898,74.2724161533196,16,1,23,34,1,2,3,1,NA,27,2,2
6,10260309,ROS,NA,88.3997262149213,87.7371663244353,8.58333333333333,1,18,34,2,2,3,0,NA,29,4,1
7,10263208,ROS,NA,84.2573579739904,84.1204654346338,14.1166666666667,1,18,23,1,2,4,0,NA,21.7241379310345,3,2
8,10267798,ROS,82.6858316221766,84.6379192334018,83.7015742642026,13.6666666666667,1,18,33,1,2,4,1,25,16,1,4
9,10291856,ROS,NA,78.6748802190281,76.5995893223819,7,1,12,33,1,2,1,0,NA,30,4,1
10,10298957,ROS,81.6481861738535,82.3709787816564,81.6481861738535,3.93333333333333,1,24,33,1,2,3,1,10,10,2,4
11,10345561,ROS,90+,90+,90+,6.83333333333333,1,16,33,1,2,3,0,13,13,3,4
12,10417638,ROS,NA,66.2149212867899,66.0068446269678,29,1,24,33,1,2,2,0,NA,29,4,1
13,10432641,ROS,NA,90+,90+,4.75,1,12,34,2,2,4,1,NA,9,2,4
14,10436131,ROS,NA,90+,90+,4.46666666666667,1,15,23,1,2,3,0,NA,27,4,2
15,10478041,ROS,NA,76.6954140999316,75.7289527720739,13.75,1,13,33,1,2,3,0,NA,29,4,1
16,10485914,ROS,NA,84.435318275154,83.6440793976728,6,1,16,33,1,2,4,0,NA,0,3,4
17,10577337,ROS,NA,84.3039014373717,83.4770704996578,18.5,1,21,33,1,2,3,0,NA,29,4,1
18,10589255,ROS,NA,74.2943189596167,73.6180698151951,10.25,1,19,33,1,2,0,0,NA,27,4,1
19,10902992,ROS,NA,88.5776865160849,87.337440109514,9.33333333333333,1,18,33,1,2,1,0,NA,29,3,1
20,11030909,ROS,79.4715947980835,83.3237508555784,82.4640657084189,3,1,20,34,1,2,5,1,14,0,1,4
21,11069724,ROS,NA,89.968514715948,89.4948665297741,5.33333333333333,1,20,23,1,2,2,0,NA,28,4,1
22,11188366,ROS,NA,72.249144421629,72.1368925393566,5.5,1,20,33,1,2,2,0,NA,26,4,1
23,11200645,ROS,NA,83.7289527720739,83.0718685831622,4.25,1,16,33,1,2,4,1,NA,29,2,1
24,11275158,ROS,NA,86.4613278576318,85.7796030116359,19,1,13,24,1,2,3,0,NA,1,3,5
25,11331231,ROS,NA,81.1115674195756,80.3175906913073,16,1,22,33,1,2,0,0,NA,27,4,1
26,11371707,ROS,87.3319644079398,90+,90+,2.33333333333333,1,21,33,1,2,4,1,19,24,1,4
27,11459282,ROS,NA,79.1047227926078,78.694045174538,4.5,1,21,34,1,2,1,0,NA,9,2,5
28,11466029,ROS,NA,88.6269678302532,87.6851471594798,6.4,1,14,23,1,2,2,1,NA,29,2,2
29,11681508,ROS,NA,85.8179329226557,84.9828884325804,6.16666666666667,1,16,34,1,2,4,1,NA,27,2,1
30,15114174,ROS,NA,90+,90+,5.08333333333333,1,22,33,1,2,4,1,NA,29,2,1
31,15141429,ROS,84.8350444900753,87.0992470910335,86.7460643394935,7.65,1,20,33,1,2,3,0,22,4,3,4
32,15179365,ROS,78.4914442162902,83.6440793976728,83.4661190965092,3,1,20,34,1,2,3,1,20,17,1,4
33,15196848,ROS,NA,90+,90+,6.91666666666667,1,20,34,1,2,3,0,NA,28,4,1
34,15420223,ROS,79.895961670089,85.3552361396304,84.9363449691992,7.41666666666667,1,20,33,1,2,1,0,30,16,4,4
35,15436055,ROS,NA,90+,90+,16,1,19,34,1,2,4,1,NA,30,1,2
36,15495024,ROS,83.0417522245038,87.3319644079398,87.1266255989049,6.21666666666667,1,20,33,1,2,3,0,13,13,4,6
37,15712086,ROS,NA,72.4298425735797,71.6030116358658,7,1,23,33,1,2,2,0,NA,30,4,1
38,15773499,ROS,NA,89.2156057494867,89.1115674195756,13.4166666666667,1,21,34,1,2,4,1,NA,24,1,2
39,15797073,ROS,NA,90+,90+,4.83333333333333,1,20,23,1,2,3,1,NA,25,2,1
40,20154287,ROS,87.0034223134839,90+,89.0732375085558,2.75,0,20,23,1,2,3,0,28,26,4,2
41,20160019,ROS,NA,90+,90+,10.3333333333333,0,16,34,1,2,5,1,NA,3,1,4
42,20164059,ROS,82.7761806981519,84.1560574948665,83.6358658453114,10.6666666666667,0,16,34,1,2,5,1,23,22,1,4
43,20187204,ROS,NA,88.9089664613279,88.7227926078029,12.1666666666667,0,23,34,1,2,4,1,NA,27,2,1
44,20201927,ROS,NA,90+,90+,12.3333333333333,0,16,33,1,2,2,1,NA,23.1818181818182,2,2
45,20232186,ROS,NA,89.6481861738535,88.8569472963724,16.9166666666667,0,21,23,1,2,3,0,NA,30,4,1
46,20254452,ROS,NA,87.1841204654346,86.8501026694045,9.75,0,18,34,1,2,5,1,NA,0,1,4
47,20271359,ROS,90+,90+,90+,18.3333333333333,0,18,33,1,2,4,1,27,25,2,4
48,20282974,ROS,NA,90+,90+,0,0,22,24,1,2,4,1,NA,26,1,1
49,20344143,ROS,89.5906913073238,90+,90+,3.66666666666667,0,18,33,1,2,5,1,17,0,2,4
50,20365116,ROS,NA,82.4640657084189,81.6180698151951,4,0,18,24,1,2,1,0,NA,30,4,2
51,20380417,ROS,90+,90+,90+,3.8,0,18,34,1,2,5,1,24,5,1,4
52,20390027,ROS,NA,87.2416153319644,86.2724161533196,5,0,14,34,1,2,5,1,NA,2,1,4
53,20494368,ROS,NA,90+,90+,5.41666666666667,0,18,23,1,2,3,0,NA,27,4,2
54,20530195,ROS,NA,90+,90+,6.16666666666667,0,8,33,1,2,5,1,NA,0,1,4
55,20532115,ROS,88.5119780971937,89.7275838466804,89.5058179329227,5.26666666666667,0,17,23,1,2,2,0,24,23.7931034482759,4,4
56,20594669,ROS,86.2943189596167,89.4784394250513,89.305954825462,3,0,16,23,1,2,3,1,20,17.1428571428571,2,5
57,20660226,ROS,81.0130047912389,82.6365503080082,81.9137577002053,6,0,16,23,1,2,4,1,22,23,2,5
58,20779834,ROS,NA,82.0342231348392,81.3388090349076,7.95,0,16,34,1,2,2,1,NA,30,1,1
59,20794261,ROS,73.7577002053388,82.3737166324435,81.8370978781656,17,0,18,33,1,2,6,1,27,0,1,4
60,20800682,ROS,NA,84.7529089664613,83.8083504449008,5.75,0,16,33,1,2,3,0,NA,30,4,1
61,20882194,ROS,75.7864476386037,86.1820670773443,85.7577002053388,6,0,18,34,1,2,5,1,25,0,1,4
62,20904509,ROS,NA,85.7850787132101,85.6290212183436,3.83333333333333,0,21,33,1,2,2,0,NA,28,4,2
63,20928183,ROS,NA,80.041067761807,79.8685831622177,24,0,17,34,1,2,4,1,NA,28,2,1
64,20939708,ROS,NA,90+,90+,12.4166666666667,0,19,34,1,2,1,0,NA,28.8,3,1
65,20946257,ROS,NA,89.409993155373,88.9390828199863,27,0,19,34,1,2,3,1,NA,30,2,1
66,20963578,ROS,NA,81.9110198494182,81.2046543463381,3.91666666666667,0,16,34,1,2,4,0,NA,28,4,1
67,20965598,ROS,89.8097193702943,90+,89.8097193702943,19.5833333333333,0,16,33,1,2,3,1,23,23,2,4
68,20966927,ROS,81.3634496919918,89.3497604380561,89.2183436002738,12.1666666666667,0,21,34,1,2,4,1,26,10,1,4
69,20977678,ROS,NA,90+,90+,3.91666666666667,0,16,23,1,2,3,0,NA,1,4,2
70,20978133,ROS,86.9349760438056,87.6659822039699,86.9349760438056,26.1666666666667,0,18,33,1,2,5,1,21,21,1,4
71,21000504,ROS,NA,85.9164955509925,82.4503764544832,6.25,0,20,33,1,2,3,0,NA,30,3,1
72,21001771,ROS,NA,77.3141683778234,76.6735112936345,5.83333333333333,0,21,23,1,2,1,0,NA,30,4,1
73,21145876,ROS,NA,79.8494182067077,79.0499657768652,5.81666666666667,0,20,33,1,2,4,1,NA,29,2,1
74,21155350,ROS,82.2943189596167,89.5797399041752,89.5030800821355,5.83333333333333,0,19,34,1,2,5,1,25,0,1,4
75,21158709,ROS,NA,85.7522245037646,85.0184804928131,9,0,20,34,1,2,5,1,NA,25,1,4
76,21160753,ROS,90+,90+,90+,20.65,0,18,33,1,2,5,1,22,13,1,4
77,21174691,ROS,87.3347022587269,90+,90+,4.66666666666667,0,22,33,1,2,5,1,18,4,1,4
78,21181988,ROS,NA,90+,85.7111567419576,3.08333333333333,0,16,23,1,2,4,1,NA,29,2,1
79,21193068,ROS,NA,80.1478439425051,79.1348391512663,8,0,12,33,1,2,2,0,NA,24,2,3
80,21197684,ROS,NA,90+,90+,12,0,20,34,1,2,4,1,NA,16,2,4
81,21236608,ROS,76.227241615332,79.0143737166324,78.2203969883641,11,0,20,34,1,2,4,1,21,8.75,1,5
82,21272396,ROS,NA,87.2005475701574,86.570841889117,4.56666666666667,0,18,23,1,2,1,0,NA,28,4,1
83,21402016,ROS,NA,90+,90+,1.75,0,19,34,1,2,5,1,NA,24,1,2
84,21403157,ROS,90+,90+,90+,4.26666666666667,0,19,33,1,2,3,0,30,26,3,1
85,21408940,ROS,NA,80.0876112251882,79.8220396988364,4.78333333333333,0,19,33,1,2,3,1,NA,28,2,2
86,21411323,ROS,NA,87.4524298425736,87.3210130047912,15.4,0,21,33,1,2,4,1,NA,27,1,2
87,21411459,ROS,NA,83.1101984941821,82.8665297741273,0,0,18,34,1,2,3,1,NA,29,1,1
88,22101842,ROS,NA,90+,90+,11.5,0,18,33,2,2,4,1,NA,27,1,2
89,22209673,ROS,NA,69.2101300479124,68.6680355920602,8.5,0,18,34,2,2,3,1,NA,26,2,6
90,37744074,ROS,NA,90+,90+,4.75,1,3,NA,3,1,4,1,NA,23,2,2
91,42874904,ROS,NA,90+,90+,26.05,0,18,33,1,1,4,0,NA,19,4,4
92,94370928,ROS,NA,83.3456536618754,82.7186858316222,8.5,0,12,33,1,1,2,0,NA,30,2,1
93,97411796,ROS,NA,86.4941820670773,83.27446954141,8.25,0,18,33,1,2,2,0,NA,30,2,2
94,4879843,MAP,NA,90+,90+,3.91666666666667,0,14,33,1,2,3,0,NA,28,4,2
95,6804844,MAP,NA,86.9733059548255,86.7214236824093,8.41666666666667,1,13,24,1,2,4,1,NA,28,2,2
96,7287209,MAP,90+,90+,90+,5.2,0,12,33,1,2,4,1,16,16,1,4
97,7311370,MAP,NA,89.4674880219028,88.6899383983573,7.58333333333333,1,18,33,1,2,3,1,NA,22,2,2
98,8637647,MAP,NA,89.5386721423682,88.580424366872,5.91666666666667,1,19,33,1,2,3,0,NA,25,4,1
99,26011331,MAP,NA,90+,90+,11.1666666666667,0,12,33,1,2,4,1,NA,23,1,2
100,26569730,MAP,NA,79.4086242299795,77.555099247091,5.81666666666667,0,12,33,1,2,4,1,NA,28,1,1
101,26631069,MAP,85.8617385352498,89.3744010951403,88.8952772073922,6.75,0,12,44,1,2,5,1,17,7,2,4
102,28363718,MAP,NA,79.2005475701574,78.8555783709788,5.95,1,16,33,1,1,4,1,NA,9,1,4
103,30755009,MAP,NA,88.3969883641342,87.9425051334702,5.5,0,12,22,1,2,3,0,NA,26.6666666666667,4,1
104,31037310,MAP,NA,87.9616700889802,87.6659822039699,31,1,13,33,1,2,1,0,NA,28,2,1
105,33321607,MAP,NA,90+,90+,6.05,1,21,33,1,2,1,0,NA,26,3,1
106,35286551,MAP,NA,90+,90+,11.75,0,12,33,1,2,4,1,NA,26,1,2
107,39136480,MAP,90+,90+,90+,4.91666666666667,0,15,34,1,2,4,1,10,0,1,4
108,39405962,MAP,90+,90+,90+,8.55,0,13,33,1,2,4,1,20,20,1,4
109,39800111,MAP,90+,90+,90+,5.25,0,13,33,1,2,4,1,17,0,2,4
110,40756151,MAP,NA,81.2073921971253,80.3750855578371,4.5,0,12,33,1,2,1,0,NA,30,4,1
111,41265021,MAP,85.6208076659822,89.2731006160164,88.7118412046543,5.6,0,16,34,1,2,3,0,17,12,4,4
112,41773404,MAP,NA,90+,89.7549623545517,7.15,0,16,33,1,2,2,0,NA,28,3,2
113,45115248,MAP,NA,87.1156741957563,86.8117727583847,4.63333333333333,0,16,33,1,2,2,0,NA,26,4,2
114,50100770,MAP,88.2190280629706,90+,90+,6.41666666666667,0,16,23,1,2,4,1,22.5,1,2,4
115,50101523,MAP,NA,90+,90+,4,1,18,23,1,2,3,0,NA,26,3,1
116,50102376,MAP,90+,90+,90+,9.5,1,16,33,1,2,4,1,22,22,2,4
117,50102952,MAP,NA,83.3839835728953,83.3292265571526,6,1,12,33,1,2,3,1,NA,28,2,3
118,50103093,MAP,NA,90+,89.2375085557837,20.3666666666667,0,12,33,1,2,3,0,NA,27,4,1
119,50104558,MAP,89.9356605065024,90+,90+,5.03333333333333,1,15,33,1,2,5,1,17,15,1,4
120,50104684,MAP,NA,85.3798767967146,85.0869267624914,4,1,18,33,1,2,5,1,NA,28,2,2
121,50106280,MAP,NA,90+,90+,6.91666666666667,0,12,33,1,2,2,0,NA,30,4,2
122,50106316,MAP,83.1101984941821,89.1991786447639,89.0869267624914,7.78333333333333,0,8,33,1,2,4,0,21,16,4,5
123,50300246,MAP,NA,90+,90+,7.41666666666667,1,21,33,1,2,4,1,NA,27,1,2
124,50300408,MAP,82.0780287474333,87.3812457221081,87.0855578370979,5.16666666666667,0,15,33,1,2,1,0,24,18,3,6
125,50301125,MAP,NA,90+,90+,4.75,0,13,33,1,2,4,1,NA,30,2,1
126,50301387,MAP,NA,87.6550308008214,86.8446269678303,14.75,0,15,24,1,2,1,0,NA,28,4,1
127,50302554,MAP,90+,90+,90+,7.75,1,16,33,1,2,3,1,22,22,1,4
128,50304024,MAP,90+,90+,90+,7.41666666666667,0,14,33,1,2,4,0,25,21,3,4
129,50401426,MAP,NA,90+,90+,6.66666666666667,0,14,33,1,2,3,0,NA,28,4,2
130,50406057,MAP,NA,83.1868583162218,82.7515400410678,6.08333333333333,1,20,33,1,2,3,0,NA,27,4,2
131,50407800,MAP,NA,84.0383299110198,83.1074606433949,5.75,0,14,33,1,2,4,1,NA,26,2,1
132,50407936,MAP,NA,88.9993155373032,87.9780971937029,80.6666666666667,1,13,33,1,2,1,0,NA,28,2,2
133,50409532,MAP,90+,90+,90+,7.41666666666667,1,18,34,1,2,4,1,20,20,1,4
134,50409820,MAP,NA,90+,88.3778234086242,8.25,1,12,33,1,2,3,0,NA,25,3,1
135,50410157,MAP,NA,90+,90+,7.08333333333333,1,12,33,1,2,1,0,NA,22,2,2
136,56102646,MAP,86.2094455852156,89.9931553730322,89.6427104722793,3.83333333333333,0,12,33,1,2,3,0,15,26,4,4
137,59217750,MAP,85.5879534565366,88.1122518822724,85.5879534565366,8.75,1,12,33,1,1,4,1,15,15,2,4
138,62985554,MAP,82.6009582477755,85.6974674880219,85.5906913073238,4.73333333333333,0,12,33,1,2,5,1,15,2,1,4
139,64291829,MAP,NA,89.2375085557837,88.848733744011,4.3,1,8,24,1,2,1,0,NA,9,3,4
140,64493027,MAP,NA,90+,90+,3.33333333333333,0,14,34,1,2,3,1,NA,26,1,1
141,67628490,MAP,NA,79.8904859685147,79.2306639288159,14.7666666666667,0,12,33,1,2,3,0,NA,30,3,1
142,70917649,MAP,NA,90+,90+,6.25,0,12,33,1,2,3,0,NA,28,4,1
143,75169847,MAP,NA,88.4791238877481,86.3655030800821,6.16666666666667,0,17,23,1,2,5,1,NA,24,1,2
144,75675336,MAP,NA,90+,90+,6.63333333333333,0,14,33,1,2,4,1,NA,28,1,1
145,75990666,MAP,NA,87.9917864476386,87.4633812457221,7.58333333333333,1,12,34,1,2,4,1,NA,12,2,5
146,76867532,MAP,90+,90+,90+,8.16666666666667,0,14,33,1,2,3,1,17.5862068965517,24.4444444444444,1,4
147,78452313,MAP,71.4442162902122,75.9780971937029,75.4934976043806,6.08333333333333,1,16,34,1,2,5,1,21,2,1,4
148,80368783,MAP,NA,90+,90+,15.2,1,17,23,1,2,3,1,NA,25,2,2
149,80592317,MAP,NA,88.0054757015743,85.1635865845311,8.73333333333333,0,14,23,1,2,4,0,NA,28,4,1
150,80790863,MAP,NA,80.435318275154,75.3210130047912,4.91666666666667,0,21,33,1,2,3,0,NA,30,4,1
151,80915504,MAP,74.8090349075975,79.6988364134155,79.2498288843258,42.25,0,12,33,2,2,4,1,20,21,1,4
152,81086436,MAP,NA,88.1971252566735,86.8446269678303,9.41666666666667,0,13,33,1,2,5,1,NA,23,2,2
153,82684406,MAP,NA,90+,90+,19.6666666666667,0,13,33,1,2,5,1,NA,26,1,2
154,83034844,MAP,NA,78.444900752909,78.1437371663244,7.45,0,15,34,1,2,3,1,NA,30,2,1
155,84955962,MAP,NA,79.4989733059548,79.3675564681725,9.65,1,17,33,1,2,1,1,NA,24.4444444444444,1,2
156,85171938,MAP,90+,90+,90+,5.18333333333333,0,12,33,1,2,6,1,15,13,1,4
157,86177506,MAP,88.9500342231348,90+,88.9500342231348,9.75,0,16,34,1,2,4,1,27,27,2,4
158,87264456,MAP,NA,90+,90+,10.05,0,17,33,1,2,5,1,NA,25,1,2
159,89001223,MAP,NA,87.5701574264203,86.8884325804244,19.3666666666667,1,16,33,1,2,2,0,NA,30,3,2
160,89614402,MAP,NA,87.419575633128,86.5462012320329,5.58333333333333,0,22,33,1,2,4,1,NA,30,1,1
161,89968269,MAP,NA,90+,90+,7.58333333333333,0,16,33,1,2,5,1,NA,27,2,1
162,92023910,MAP,81.3798767967146,82.2422997946612,81.3798767967146,5,0,12,33,1,2,3,1,9.64285714285714,9.64285714285714,2,4
163,92393245,MAP,NA,90+,90+,8.28333333333333,0,12,23,1,2,5,1,NA,26,1,1
164,93024957,MAP,NA,81.138945927447,80.4928131416838,14.25,0,14,34,2,2,3,1,NA,25,1,2
165,98096223,MAP,83.7809719370294,84.6351813826146,83.7809719370294,15.6333333333333,0,12,33,1,2,4,1,23,23,2,4
166,482428,MAP,NA,83.6906228610541,82.321697467488,3.93333333333333,0,12,23,1,2,4,0,NA,30,4,1
167,1243685,MAP,89.7221081451061,90+,89.7221081451061,3.78333333333333,0,12,33,1,2,4,1,17.7272727272727,17.7272727272727,1,4
168,3430444,MAP,NA,84.911704312115,84.517453798768,14.75,0,13,23,1,2,3,1,NA,17,1,6
169,5779736,MAP,88.5886379192334,89.1800136892539,88.5886379192334,4.08333333333333,0,9,23,1,2,4,1,3,3,2,4
170,7253015,MAP,86.6557152635181,88.5284052019165,87.6495550992471,4.16666666666667,0,12,34,1,2,5,1,24,23,2,4
171,10292311,ROS,86.1574264202601,89.6317590691307,89.1471594798084,7.25,1,20,33,1,2,3,0,24,26,4,6
172,10308444,ROS,NA,74.8747433264887,74.0506502395619,5.91666666666667,1,24,44,1,2,1,0,NA,30,3,1
173,10319069,ROS,NA,90+,90+,7.86666666666667,1,12,33,1,2,2,0,NA,25,3,1
174,10462057,ROS,NA,90+,90+,3.5,1,6,33,1,2,4,1,NA,14,2,4
175,10473384,ROS,NA,83.8713210130048,83.7618069815195,5.08333333333333,1,18,33,1,2,3,0,NA,26,4,1
176,10533083,ROS,NA,85.5824777549624,85.5687885010267,4,1,20,33,1,2,3,1,NA,26,2,2
177,10901987,ROS,NA,85.8507871321013,85.2156057494867,10.6333333333333,1,20,34,1,2,4,1,NA,27,2,2
178,10929637,ROS,NA,81.3004791238878,79.3511293634497,8.63333333333333,1,19,34,1,2,4,0,NA,28,4,2
179,11159965,ROS,77.3360711841205,86.9322381930185,86.3162217659138,8.66666666666667,1,24,23,1,2,5,1,24,0,1,4
180,11240247,ROS,85.0951403148528,85.1143052703628,85.0951403148528,5,1,18,33,1,2,5,1,NA,24,2,4
181,11313031,ROS,NA,84.082135523614,83.5509924709103,16,1,21,34,1,2,4,1,NA,24,1,2
182,11389397,ROS,NA,82.4339493497604,81.9247091033539,6,1,21,33,1,2,3,0,NA,28,4,1
183,11471260,ROS,89.119780971937,90+,90+,4.66666666666667,1,18,23,1,2,2,0,22,24,4,4
184,11615242,ROS,NA,71.6605065023956,70.5106091718001,5.43333333333333,1,10,33,1,2,0,0,NA,28.9285714285714,4,1
185,11619606,ROS,NA,87.8494182067077,87.356605065024,4.58333333333333,1,15,23,1,2,4,1,NA,5,2,5
186,11632851,ROS,NA,89.3223819301848,88.3887748117728,4.98333333333333,1,14,33,1,2,4,1,NA,19.2857142857143,2,2
187,14184286,MAP,NA,79.6824093086927,78.9075975359343,11.4166666666667,0,15,23,1,2,3,1,NA,26.6666666666667,2,1
188,14393933,MAP,NA,86.8172484599589,85.0896646132786,25.4166666666667,1,18,34,1,2,4,1,NA,27,1,1
189,15176592,ROS,NA,84.208076659822,83.9123887748118,6.25,1,18,33,1,2,4,1,NA,29,1,1
190,15461128,ROS,86.1711156741958,89.4455852156057,89.2785763175907,0.75,1,18,33,1,2,5,1,27,2,1,4
191,20128523,ROS,NA,77.4839151266256,76.974674880219,3.03333333333333,0,18,33,1,2,3,1,NA,29,2,1
192,20149910,ROS,NA,90+,90+,3.25,0,18,23,1,2,4,0,NA,27,4,1
193,20174533,ROS,90+,90+,90+,3.66666666666667,0,24,33,1,2,3,0,18,21.4285714285714,3,2
194,20191566,ROS,90+,90+,90+,3.91666666666667,0,21,34,1,2,4,0,22,12,3,4
195,20195344,ROS,90+,90+,90+,5,0,18,33,1,2,4,1,14,11,2,4
196,20201189,ROS,89.4620123203285,90+,89.4620123203285,4,0,22,24,1,2,5,1,11,11,1,6
197,20207437,ROS,78.5872689938398,87.129363449692,85.6700889801506,4.91666666666667,0,20,33,1,2,6,1,28,1,1,4
198,20220420,ROS,NA,83.4852840520192,82.7186858316222,5.33333333333333,0,20,23,1,2,3,1,NA,29,2,1
199,20223455,ROS,NA,84.394250513347,84.145106091718,23,0,16,33,1,2,5,1,NA,25,1,2
200,20236838,ROS,NA,82.1437371663244,81.5578370978782,7.96666666666667,0,21,33,1,2,3,1,NA,27,2,1
201,20251553,ROS,87.1129363449692,88.643394934976,88.0657084188912,11.5,0,24,33,1,2,4,1,20,19,1,4
202,20254876,ROS,85.6235455167693,88.4271047227926,87.6139630390144,8.08333333333333,0,18,33,1,2,5,1,20,7,1,4
203,20280666,ROS,NA,90+,90+,4.4,0,18,33,1,2,4,0,NA,27.6,4,1
204,20358955,ROS,88.1642710472279,90+,90+,5.66666666666667,0,16,33,1,2,4,1,26,21,2,4
205,20500815,ROS,89.3798767967146,90+,89.3798767967146,5,0,18,33,1,2,3,1,23,23,2,4
206,20550027,ROS,NA,80.0492813141684,79.2689938398357,2.66666666666667,0,17,33,1,2,4,1,NA,29,2,2
207,20774339,ROS,NA,84.5585215605749,84.290212183436,4.5,0,16,33,1,2,2,0,NA,28,3,2
208,20892128,ROS,87.586584531143,90+,90+,4.4,0,12,34,1,2,5,1,21,13,2,4
209,20902039,ROS,NA,87.9425051334702,86.8473648186174,20,0,18,34,1,2,3,0,NA,30,4,1
210,20907246,ROS,NA,90+,90+,5.75,0,13,33,1,2,3,0,NA,20.7692307692308,3,2
211,20925996,ROS,89.6673511293635,90+,90+,3.91666666666667,0,15,33,1,2,5,1,21,0,2,4
212,20944237,ROS,NA,90+,90+,3,0,16,23,1,2,4,1,NA,26,2,2
213,20956605,ROS,NA,88.5995893223819,87.9014373716632,19.5833333333333,0,16,33,1,2,4,1,NA,29,2,2
214,20974481,ROS,NA,90+,90+,15.7333333333333,0,16,33,1,2,4,1,NA,25.7142857142857,2,2
215,20989910,ROS,90+,90+,90+,10.25,0,16,33,1,2,4,0,22,17,4,4
216,20996621,ROS,NA,84.1615331964408,83.5099247091034,3.5,0,17,33,1,2,4,0,NA,29,3,1
217,21002524,ROS,82.3874058863792,84.4407939767283,82.3874058863792,10.5833333333333,0,18,33,1,2,1,0,25,25,4,4
218,21120287,ROS,NA,86.8145106091718,86.6666666666667,3.83333333333333,0,19,33,1,2,3,1,NA,28,2,1
219,21138877,ROS,79.6796714579055,86.54893908282,85.6974674880219,4.83333333333333,0,12,33,1,2,3,0,26,27,4,2
220,21151608,ROS,NA,85.8945927446954,85.1444216290212,11.5,0,18,33,1,2,4,1,NA,29,1,1
221,21185180,ROS,NA,90+,90+,6.96666666666667,0,16,24,1,2,4,1,NA,27,2,2
222,21276174,ROS,NA,88.829568788501,88.6652977412731,45,0,19,23,1,2,2,0,NA,27,4,2
223,21405627,ROS,NA,90+,90+,1.83333333333333,0,12,33,1,2,3,0,NA,28,4,2
224,21406920,ROS,NA,72.3997262149213,72.0438056125941,3,0,13,33,1,2,5,1,NA,0,1,4
225,26498416,MAP,NA,86.1683778234086,85.9164955509925,3.56666666666667,0,12,33,1,2,3,0,NA,30,4,1
226,30282435,MAP,NA,90+,90+,7.83333333333333,0,19,33,1,2,3,0,NA,29,4,2
227,34287534,MAP,90+,90+,90+,6.33333333333333,0,13,23,1,2,4,0,23.1818181818182,13.9285714285714,4,5
228,34726040,MAP,NA,72.8268309377139,72.3039014373717,4.66666666666667,1,16,23,1,2,1,0,NA,28,4,1
229,34962204,MAP,NA,87.2799452429843,85.9739904175222,7.05,1,12,33,1,2,3,0,NA,26,3,1
230,37251992,MAP,NA,90+,90+,7.56666666666667,0,13,23,1,2,4,1,NA,25,2,1
231,39989287,MAP,NA,89.0869267624914,88.7775496235455,7.75,1,12,33,1,2,3,0,NA,24,4,1
232,40611041,MAP,84.2628336755647,90+,90+,7.7,0,12,34,1,2,5,1,25,0,1,4
233,46547648,MAP,NA,90+,90+,6.41666666666667,1,18,33,1,2,4,1,NA,4,2,4
234,50101073,MAP,87.482546201232,90+,90+,4.66666666666667,0,12,34,1,2,5,1,24,7,2,5
235,50104008,MAP,NA,88.0328542094456,87.9534565366188,4.41666666666667,0,18,33,1,2,5,1,NA,17,1,4
236,50104422,MAP,NA,86.3463381245722,85.3607118412046,NA,0,12,33,1,2,2,0,NA,28,4,1
237,50106730,MAP,89.2183436002738,90+,90+,4,1,17,33,1,2,4,1,24,24,1,4
238,50108462,MAP,90+,90+,90+,5.66666666666667,0,18,23,1,2,3,1,23,18,2,4
239,50301675,MAP,90+,90+,90+,5.48333333333333,0,8,23,1,2,4,1,27,15,2,4
240,50302266,MAP,NA,81.6180698151951,81.5414099931554,7.16666666666667,1,15,33,1,2,2,0,NA,30,4,1
241,50401264,MAP,NA,86.1902806297057,85.7878165639973,5.83333333333333,0,14,33,1,2,4,1,NA,29,1,2
242,50405330,MAP,NA,90+,88.8021902806297,5.33333333333333,1,20,24,1,2,5,1,NA,30,1,1
243,60747316,MAP,NA,83.5756331279945,81.1444216290212,13.2,0,20,34,1,2,2,1,NA,18,1,4
244,61709892,MAP,NA,90+,90+,18.1666666666667,1,25,33,1,2,4,1,NA,24,2,2
245,61827429,MAP,NA,90+,89.82340862423,4.6,0,16,33,1,2,5,1,NA,30,1,1
246,63874408,MAP,NA,90+,90+,6.65,0,16,33,1,2,4,1,NA,26,1,1
247,64358179,MAP,NA,90+,88.5065023956194,26,0,12,34,1,2,2,0,NA,26,4,1
248,70421820,ROS,NA,90+,86.1683778234086,7.75,0,18,33,1,2,5,1,NA,22,1,2
249,70625336,MAP,NA,81.4976043805613,80.7364818617385,3.65,0,11,34,1,2,2,0,NA,28,4,1
250,70726480,MAP,NA,79.2169746748802,78.4832306639288,8.78333333333333,0,16,33,1,2,3,0,NA,12,3,5
251,70883578,MAP,NA,85.3579739904175,84.7173169062286,4.5,1,12,33,1,2,3,1,NA,24,2,1
252,74718818,MAP,NA,88.0985626283368,87.9397672826831,4.41666666666667,0,8,24,2,2,3,1,NA,27,1,1
253,76431098,MAP,NA,90+,89.1991786447639,5.88333333333333,0,12,33,1,2,4,1,NA,30,1,2
254,77239958,MAP,NA,85.0184804928131,84.4572210814511,5.66666666666667,1,13,33,1,2,2,0,NA,28,3,1
255,78072753,MAP,90+,90+,90+,6.5,1,18,34,1,2,4,1,22,21,2,4
256,79590778,ROS,NA,88.290212183436,87.5537303216975,19.0833333333333,0,19,33,1,2,4,0,NA,28,3,2
257,82478522,MAP,NA,90+,90+,7.25,1,14,33,1,2,4,1,NA,28,1,1
258,84732827,MAP,NA,90+,90+,6.75,1,16,23,1,2,3,1,NA,28,2,1
259,87038802,MAP,NA,90+,89.6043805612594,5.23333333333333,0,15,23,1,1,4,0,NA,28,3,1
260,89546375,MAP,NA,85.6947296372348,85.0650239561944,5.83333333333333,1,13,33,1,2,5,1,NA,25,2,2
261,90434801,MAP,NA,90+,89.5660506502396,5.88333333333333,0,16,33,1,2,5,1,NA,27,1,2
262,92113025,MAP,NA,74.8254620123203,74.0780287474333,5.93333333333333,0,18,33,1,2,3,0,NA,24,3,2
263,92629514,MAP,90+,90+,90+,5.35,1,20,33,1,2,1,0,25,17,4,4
264,94092977,MAP,82.6365503080082,82.7132101300479,82.6365503080082,5.71666666666667,1,19,24,1,2,3,1,7,7,1,4
265,95116046,MAP,NA,89.7029431895962,89.2511978097194,20.5166666666667,1,12,34,1,2,4,1,NA,24,2,2
266,95453354,MAP,NA,84.6598220396988,84.4188911704312,5.46666666666667,0,12,33,1,2,3,1,NA,29,1,1
267,98953007,MAP,79.1950718685832,80.0328542094456,79.1950718685832,6,0,12,34,1,2,4,1,21,21,2,4
268,3283241,MAP,NA,77.4592744695414,76.4462696783025,3.63333333333333,1,18,33,1,2,4,1,NA,30,2,2
269,5689621,MAP,NA,88.7501711156742,87.9507186858316,21.2,0,12,34,1,2,5,1,NA,26,1,2
270,8109170,MAP,NA,88.0876112251882,87.6194387405886,5.45,0,16,23,1,2,3,1,NA,27,2,1
271,9391376,MAP,NA,84.4161533196441,83.4223134839151,6.06666666666667,0,16,34,1,2,2,0,NA,27.6,2,2
272,10101039,ROS,90+,90+,90+,14.1666666666667,1,19,33,1,2,4,1,23,17,2,4
273,10248033,ROS,86.8856947296372,88.4681724845996,88.1916495550992,17.9166666666667,1,19,44,1,2,3,1,6,12,2,4
274,10262905,ROS,NA,90+,90+,9.58333333333333,1,18,24,1,2,5,1,NA,25,2,4
275,10425642,ROS,NA,86.7871321013005,85.9575633127995,3.66666666666667,1,12,33,1,2,5,1,NA,1,1,4
276,10433070,ROS,90+,90+,90+,3.5,1,13,23,1,2,4,1,18,8,2,5
277,10502798,ROS,85.4948665297741,87.3839835728953,86.4722792607803,4.5,1,18,34,1,2,5,1,24,24,1,4
278,10684501,ROS,82.9650924024641,83.1321013004791,82.9650924024641,7.33333333333333,1,18,34,1,2,5,1,21,21,1,4
279,11118510,ROS,NA,83.047227926078,82.8309377138946,66,1,20,33,1,2,2,1,NA,29,1,1
280,11229148,ROS,NA,81.2867898699521,81.2621492128679,4.16666666666667,1,15,34,1,2,4,1,NA,1,2,5
281,11336574,ROS,NA,89.0266940451745,88.3285420944559,3.5,1,22,34,1,2,6,1,NA,0,1,4
282,11395417,ROS,NA,87.6851471594798,87.3319644079398,3.16666666666667,1,20,33,1,2,1,0,NA,30,2,1
283,11453772,ROS,77.160848733744,80.3148528405202,80.1971252566735,1.11666666666667,1,21,23,1,2,2,0,20,14,3,4
284,11494091,ROS,NA,78.5434633812457,78.3162217659138,6,1,25,34,1,2,4,0,NA,30,3,1
285,14452889,MAP,NA,90+,90+,9,0,14,34,1,2,4,1,NA,27,2,1
286,15138884,ROS,NA,85.8343600273785,84.9007529089665,7.66666666666667,1,20,23,1,2,1,0,NA,30,4,1
287,15139925,ROS,76.3093771389459,76.7173169062286,76.3093771389459,4.75,1,19,34,1,2,3,1,5,5,2,6
288,15144878,ROS,81.5140314852841,86.1930184804928,85.6536618754278,3.66666666666667,1,19,33,1,2,5,1,23,7,1,4
289,20133764,ROS,NA,90+,90+,5,0,18,33,1,2,4,1,NA,7,2,5
290,20152393,ROS,77.5085557837098,80.9062286105407,80.5776865160849,1.75,0,18,33,1,2,5,1,26,23,1,4
291,20170043,ROS,83.7234770704997,90+,90+,4.25,0,24,33,1,2,5,1,27,0,1,4
292,20221273,ROS,NA,86.2477754962354,85.9082819986311,4.08333333333333,0,16,33,1,2,4,1,NA,28,2,1
293,20261901,ROS,90+,90+,90+,7.75,0,20,33,1,2,5,1,19,17,2,4
294,20266118,ROS,83.2361396303901,90+,90+,7.31666666666667,0,20,33,1,2,5,1,23,2,1,5
295,20371236,ROS,85.9931553730322,90+,88.9418206707734,4.96666666666667,0,17,33,1,2,5,1,19,14,1,4
296,20431359,ROS,NA,79.4414784394251,79.1676933607118,4.5,0,20,34,1,2,1,0,NA,28,2,2
297,20439591,ROS,88.7939767282683,90+,90+,5.41666666666667,0,20,33,1,2,2,0,24,16,2,5
298,20447343,ROS,77.0650239561944,88.2792607802875,86.3545516769336,10.1666666666667,0,19,34,1,2,5,1,25,11,1,4
299,20534423,ROS,NA,86.0424366872005,85.3990417522245,6.25,0,13,23,1,2,4,0,NA,27,4,1
300,20557542,ROS,NA,80.8405201916496,80.2108145106092,4.21666666666667,0,18,33,1,2,4,1,NA,20,2,4
301,20584923,ROS,NA,90+,90+,3.5,0,13,33,1,2,3,1,NA,29,2,1
302,20613887,ROS,NA,88.0164271047228,87.523613963039,4.75,0,18,33,1,2,5,1,NA,25,1,2
303,20643329,ROS,83.0910335386721,84.8240930869268,84.0684462696783,5,0,22,33,1,2,4,1,25,24,1,4
304,20798913,ROS,NA,75.0362765229295,74.8501026694045,7.5,0,21,33,1,2,1,0,NA,15,4,6
305,20922259,ROS,90+,90+,90+,4.66666666666667,0,16,33,1,2,3,1,19,2,2,4
306,20934889,ROS,89.0376454483231,90+,90+,10,0,16,33,1,2,4,0,27,22,4,2
307,20935218,ROS,89.7659137577002,90+,90+,2.33333333333333,0,16,34,1,2,3,0,19,1,4,4
308,20964295,ROS,83.3976728268309,86.0616016427105,84.7556468172485,19.4166666666667,0,16,34,1,2,5,1,25,19,1,4
309,21162197,ROS,NA,90+,89.637234770705,24.5833333333333,0,18,33,1,2,1,0,NA,30,2,1
310,21180847,ROS,NA,90+,88.6379192334018,5,0,20,33,1,2,4,0,NA,27.8571428571429,4,1
311,21232118,ROS,NA,82.1409993155373,82.031485284052,5.25,0,16,34,1,2,4,0,NA,21,4,4
312,21401399,ROS,NA,82.4229979466119,81.9876796714579,3.83333333333333,0,23,34,1,2,3,1,NA,26,1,1
313,21412752,ROS,90+,90+,90+,1.95,0,21,33,1,2,4,1,23,23,2,4
314,21413181,ROS,75.6878850102669,76.3586584531143,75.6878850102669,2.58333333333333,0,26,34,1,2,1,0,28,28,2,4
315,23690880,MAP,NA,90+,90+,6.41666666666667,0,14,23,1,2,2,0,NA,28.8,4,1
316,31726180,MAP,NA,86.0369609856263,79.1649555099247,10.3333333333333,0,17,33,1,2,5,1,NA,25,1,1
317,32383679,MAP,NA,90+,88.3668720054757,8.25,0,12,23,1,2,4,1,NA,27,1,1
318,37452211,MAP,90+,90+,90+,9.38333333333333,1,12,33,1,2,4,0,22,22,4,4
319,44019405,MAP,88.3011635865845,90+,90+,6.16666666666667,1,18,34,1,2,5,1,18.2142857142857,15,1,4
320,46246604,MAP,NA,89.4483230663929,89.2785763175907,3.75,0,10,33,1,2,4,0,NA,29,4,1
321,48697089,MAP,NA,90+,90+,6.6,0,12,33,1,2,4,1,NA,28,2,1
322,50100806,MAP,87.6769336071184,87.8521560574949,87.6769336071184,13.6666666666667,0,18,33,1,2,5,1,23,23,1,5
323,50104710,MAP,NA,83.2443531827515,82.6666666666667,6.95,0,12,34,1,1,1,1,NA,30,1,1
324,50105149,MAP,NA,87.8384668035592,87.5318275154004,19.25,0,12,34,1,2,4,0,NA,22.5,3,2
325,50107169,MAP,NA,86.4941820670773,86.1382614647502,3.25,0,13,33,1,2,4,1,NA,26,2,1
326,50107295,MAP,NA,90+,90+,5.83333333333333,1,12,33,1,2,4,1,NA,27,2,1
327,50108598,MAP,87.7399041752224,90+,90+,8.16666666666667,0,13,33,1,2,4,1,18,16,2,6
328,50302716,MAP,90+,90+,90+,5,0,14,33,1,2,6,1,24,20,1,4
329,50304998,MAP,86.0752908966461,90+,90+,7.16666666666667,0,12,33,1,2,5,1,22,0,1,4
330,50400835,MAP,NA,86.7022587268994,86.3956194387406,3.88333333333333,1,14,23,1,2,1,0,NA,29,4,1
331,50402431,MAP,NA,90+,90+,11.25,0,16,33,1,2,5,1,NA,0,2,4
332,50405042,MAP,NA,90+,86.0752908966461,9,1,14,34,1,2,5,1,NA,29,2,1
333,50406471,MAP,NA,90+,90+,4.21666666666667,0,13,23,1,2,2,0,NA,28,4,1
334,50408239,MAP,NA,87.9780971937029,86.1081451060917,8.05,0,16,33,1,2,2,0,NA,28,2,1
335,50500136,MAP,NA,75.9945242984257,75.7782340862423,5.91666666666667,0,12,33,1,2,0,0,NA,28,4,1
336,50500550,MAP,NA,86.8720054757016,85.4702258726899,5.41666666666667,0,20,34,1,2,5,1,NA,26,1,2
337,51520126,MAP,NA,80.8898015058179,80.0574948665298,10.9,1,12,33,1,2,3,0,NA,29,4,1
338,51624179,MAP,NA,90+,90+,8.25,0,12,34,1,2,5,1,NA,10,1,4
339,54122640,MAP,90+,90+,90+,5.48333333333333,0,16,33,1,2,5,1,24.4444444444444,24.4444444444444,2,4
340,54458919,MAP,NA,90+,88.7091033538672,5,0,12,33,1,2,3,0,NA,30,3,1
341,60871487,MAP,NA,84.7282683093771,84.1560574948665,7.08333333333333,0,13,34,1,2,5,1,NA,22,2,2
342,62367972,MAP,NA,88.062970568104,87.2416153319644,6.5,0,12,33,2,2,4,0,NA,20,4,4
343,64287431,MAP,NA,90+,90+,18.3,0,15,33,1,2,4,0,NA,24.5454545454545,4,2
344,66406040,MAP,NA,85.9110198494182,84.6789869952088,6,1,16,22,1,2,3,0,NA,28,4,1
345,68778359,MAP,90+,90+,90+,21.7333333333333,0,16,34,1,2,5,1,25,25,2,4
346,68914513,MAP,NA,84.476386036961,84.2299794661191,10.2833333333333,0,15,33,1,2,3,0,NA,26,3,1
347,72560222,MAP,NA,83.958932238193,83.3702943189596,6.5,0,12,33,1,2,3,0,NA,28,3,1
348,77743003,MAP,NA,90+,90+,8.33333333333333,0,12,33,1,2,3,1,NA,17.5862068965517,2,4
349,81874628,MAP,90+,90+,90+,6.26666666666667,0,15,34,1,2,5,1,24,24,1,4
350,82527318,MAP,NA,89.0759753593429,88.2299794661191,10.1666666666667,0,7,33,1,2,4,1,NA,28,2,1
351,84417209,MAP,88.6598220396988,89.1170431211499,88.6598220396988,7.5,0,12,33,1,2,5,1,18,18,2,4
352,86471999,MAP,NA,83.523613963039,82.8090349075975,5,1,16,23,1,2,3,1,NA,27.6,2,2
353,86712535,MAP,NA,72.7337440109514,72.6488706365503,7.28333333333333,0,14,34,2,2,4,0,NA,27,4,1
354,86903794,MAP,NA,90+,90+,32.5833333333333,0,5,33,1,2,4,1,NA,19.0909090909091,2,2
355,89377194,MAP,87.3511293634497,89.9383983572895,87.3511293634497,16.5,0,16,33,1,2,4,0,20,20,4,4
356,89903942,MAP,NA,90+,90+,6.33333333333333,1,14,33,1,2,4,0,NA,24,4,2
357,95329283,MAP,87.8850102669405,90+,89.9000684462697,4.5,0,14,23,1,2,3,0,28,28,4,5
358,96189273,MAP,90+,90+,90+,6.25,0,12,33,1,2,4,1,24,10,1,4
359,99110004,MAP,87.523613963039,87.64681724846,87.523613963039,6.25,1,19,23,1,2,3,1,11,11,2,4
360,2525608,MAP,NA,90+,90+,4.83333333333333,0,14,33,1,2,3,0,NA,26,4,1
361,2817047,MAP,NA,90+,90+,4.91666666666667,1,20,33,1,2,5,1,NA,12,1,4
362,2899847,MAP,NA,74.4503764544832,73.4893908281999,7.01666666666667,1,14,33,1,2,2,0,NA,27,2,3
363,3713990,MAP,NA,87.9288158795346,87.668720054757,4.33333333333333,1,12,33,1,2,4,1,NA,30,2,1
364,3889845,MAP,NA,90+,90+,6.91666666666667,0,13,34,1,2,2,1,NA,22,1,2
365,10216869,ROS,81.3990417522245,82.0123203285421,81.3990417522245,16.9166666666667,1,23,33,1,2,4,0,24,24,4,4
366,10300914,ROS,NA,77.7330595482546,77.3032169746749,5.91666666666667,1,18,33,1,2,4,1,NA,30,2,1
367,10315029,ROS,NA,87.7535934291581,86.7624914442163,6.41666666666667,1,14,33,1,2,3,0,NA,30,3,1
368,10442413,ROS,NA,87.7371663244353,87.2607802874743,7.75,1,15,34,1,2,5,1,NA,26,1,2
369,10460299,ROS,NA,82.0698151950719,81.2977412731006,4.25,1,18,33,1,2,3,0,NA,29,3,2
370,10480383,ROS,NA,90+,90+,2.25,1,22,34,1,2,4,1,NA,15,2,4
371,11216503,ROS,NA,80.1341546885695,77.2210814510609,3,1,18,33,1,2,2,1,NA,29,1,1
372,11310844,ROS,NA,88.7063655030801,88.4955509924709,4.5,1,20,34,1,2,4,1,NA,26,2,2
373,11319389,ROS,87.4277891854894,88.2026009582478,87.4277891854894,2.33333333333333,1,21,33,1,2,3,1,19,19,1,5
374,11448667,ROS,NA,80.7529089664613,80.5065023956194,6,1,15,34,1,2,5,1,NA,22,1,2
375,11455792,ROS,NA,85.1307323750856,84.4599589322382,5,1,21,33,1,2,2,0,NA,28,4,2
376,11609672,ROS,NA,86.2696783025325,84.7967145790554,17.75,1,10,34,1,1,4,1,NA,27,2,1
377,11616707,ROS,72.933607118412,73.7905544147844,72.933607118412,3,1,19,34,1,2,2,0,14,14,3,5
378,11652071,ROS,83.0362765229295,84.9062286105407,83.9972621492129,4.25,1,17,33,1,2,3,1,23,19,1,5
379,15161351,ROS,NA,90+,90+,7.48333333333333,1,14,33,1,2,3,0,NA,30,4,1
380,15196262,ROS,NA,81.1635865845311,80.6899383983573,12.4333333333333,1,22,33,1,2,1,0,NA,28,4,1
381,15707133,ROS,84.9500342231348,86.3080082135524,85.927446954141,4.15,1,22,33,1,2,5,1,28,28,2,4
382,15844425,ROS,NA,76.8186173853525,76.4024640657084,8,1,20,23,1,2,3,0,NA,28,4,1
383,16068769,MAP,NA,90+,90+,8.13333333333333,1,23,34,1,2,1,0,NA,29,4,1
384,20173942,ROS,NA,90+,90+,18.1666666666667,0,21,34,1,2,4,1,NA,13,1,4
385,20185860,ROS,NA,90+,90+,8.08333333333333,0,19,33,1,2,4,1,NA,17,2,4
386,20249897,ROS,NA,87.3018480492813,86.4284736481862,16.7166666666667,0,18,33,1,2,3,0,NA,25,4,2
387,20251391,ROS,NA,90+,90+,7.58333333333333,0,18,33,1,2,3,1,NA,28,1,1
388,20283691,ROS,NA,90+,89.0896646132786,13.5333333333333,0,18,33,1,2,5,1,NA,12,1,5
389,20455807,ROS,NA,84.7556468172485,84.1724845995893,5.83333333333333,0,18,33,1,2,2,0,NA,30,3,2
390,20492186,ROS,NA,90+,90+,5.5,0,16,34,1,2,4,1,NA,13,2,4
391,20504017,ROS,NA,88.7912388774812,88.4544832306639,5.5,0,20,34,1,2,4,1,NA,28,2,1
392,20559562,ROS,90+,90+,90+,5,0,16,23,1,2,3,0,25,23,3,4
393,20646778,ROS,NA,75.4332648870637,73.5605749486653,7.5,0,18,34,1,2,1,0,NA,30,4,2
394,20726273,ROS,NA,87.9917864476386,87.9835728952772,4.83333333333333,0,25,34,1,2,5,1,NA,24,1,2
395,20906493,ROS,NA,90+,90+,17.5833333333333,0,7,33,1,2,3,1,NA,16.6666666666667,2,3
396,20909680,ROS,NA,90+,90+,22.6166666666667,0,20,34,1,2,5,1,NA,0,1,4
397,20920239,ROS,89.6454483230664,90+,90+,10.1166666666667,0,17,24,1,2,4,1,18.8888888888889,14.4,1,5
398,20984415,ROS,NA,90+,90+,18.6666666666667,0,17,33,1,2,4,1,NA,28,2,2
399,20995742,ROS,NA,90+,90+,4.43333333333333,0,16,33,1,2,3,0,NA,24,3,2
400,20998065,ROS,NA,81.8590006844627,81.7275838466804,8.5,0,20,33,1,2,1,0,NA,28,4,1
401,21001195,ROS,NA,90+,90+,6.38333333333333,0,20,33,1,2,4,1,NA,26,2,2
402,21112011,ROS,NA,90+,90+,5.75,0,18,33,1,2,5,1,NA,29,1,2
403,21123050,ROS,NA,90+,90+,19,0,24,33,1,2,3,1,NA,28,2,1
404,21125818,ROS,NA,90+,86.1601642710472,8.2,0,22,33,1,2,2,0,NA,28,3,2
405,21159840,ROS,NA,82.7104722792608,82.0205338809035,2.16666666666667,0,16,44,1,2,5,1,NA,16,1,4
406,21172121,ROS,NA,76.0574948665298,75.4469541409993,14,0,18,34,1,2,5,1,NA,27,1,3
407,21403995,ROS,83.5811088295688,86.113620807666,85.6016427104723,21,0,12,33,1,2,3,1,27,15,1,4
408,22776575,MAP,NA,89.1033538672142,88.4462696783025,5.08333333333333,0,16,34,1,2,3,0,NA,30,3,1
409,31509843,MAP,NA,76.3860369609856,75.7700205338809,4.83333333333333,1,12,33,1,2,0,0,NA,26,4,1
410,32971269,MAP,NA,89.5003422313484,88.72553045859,20.6666666666667,1,16,33,1,2,2,0,NA,27,4,2
411,33477756,MAP,NA,90+,90+,4.76666666666667,0,16,33,1,2,3,1,NA,28,2,1
412,37527863,MAP,88.6105407255305,90+,90+,40.8,1,15,23,1,2,5,1,9,20,1,6
413,39721045,MAP,NA,90+,90+,16,0,18,34,1,2,5,1,NA,27,1,2
414,45566083,MAP,NA,90+,90+,3.5,1,16,33,1,2,4,1,NA,25,2,2
415,50101109,MAP,NA,90+,89.2731006160164,5.75,1,21,23,1,2,4,1,NA,30,2,1
416,50102664,MAP,NA,90+,90+,4,0,14,23,1,2,3,1,NA,30,2,1
417,50102790,MAP,88.8186173853525,90+,90+,4.33333333333333,0,12,33,1,2,5,1,13,0,1,4
418,50107583,MAP,NA,90+,90+,4.86666666666667,1,18,33,1,2,3,0,NA,18.8888888888889,4,2
419,50400385,MAP,NA,90+,90+,11.9166666666667,0,12,33,1,2,6,1,NA,6,1,4
420,50404299,MAP,90+,90+,90+,3.5,0,16,24,1,2,3,1,19,19,2,4
421,55177253,MAP,NA,87.0116358658453,86.5297741273101,8.75,1,16,33,1,2,3,1,NA,26,2,2
422,58501637,MAP,NA,88.3367556468173,87.6112251882272,14.25,1,12,33,1,2,4,1,NA,21,2,2
423,69577198,MAP,85.4483230663929,90+,90+,8.45,0,12,33,1,2,5,1,20,4,1,4
424,74753465,MAP,89.678302532512,90+,90+,7.75,0,18,33,1,2,4,1,27,12,2,4
425,77180612,MAP,NA,86.7077344284736,86.5954825462012,7.66666666666667,0,12,33,1,2,5,1,NA,9,1,NA
426,81504393,MAP,NA,90+,90+,76.25,0,13,33,1,2,3,1,NA,29,2,1
427,85508351,MAP,NA,84.8952772073922,84.4243668720055,9.66666666666667,1,20,33,1,2,3,0,NA,29,4,1
428,85980779,MAP,88.7857631759069,90+,90+,19.25,0,12,33,1,2,5,1,23,0,1,4
429,88488240,MAP,NA,90+,90+,5.98333333333333,1,15,33,1,2,4,1,NA,26,2,1
430,93462021,MAP,90+,90+,90+,4.71666666666667,0,12,23,1,2,4,0,22,23,4,4
431,93787649,MAP,NA,86.3545516769336,86.1327857631759,4.25,1,12,33,1,2,1,0,NA,27,2,5
432,95330358,MAP,NA,83.3620807665982,81.9849418206708,7.91666666666667,0,12,33,1,2,3,0,NA,30,4,1
433,10100736,ROS,NA,90+,89.8836413415469,15.1666666666667,1,14,34,1,2,4,0,NA,28,3,1
434,10100862,ROS,NA,84.2162902121834,84.0903490759754,10.7333333333333,1,14,34,1,2,2,0,NA,26,4,1
435,10394182,ROS,NA,86.8966461327858,86.5325119780972,6.66666666666667,1,23,33,1,2,4,1,NA,29,1,1
436,10514454,ROS,NA,79.5345653661875,77.700205338809,16.75,1,18,33,1,2,2,0,NA,28,4,1
437,10551157,ROS,NA,85.1800136892539,83.1266255989049,8.58333333333333,1,22,33,1,2,3,1,NA,30,1,2
438,10557081,ROS,NA,85.3223819301848,85.1772758384668,5,1,20,33,1,2,3,1,NA,30,2,2
439,10669174,ROS,NA,82.9787816563997,82.6420260095825,7.33333333333333,1,18,33,1,2,3,0,NA,26,4,2
440,10866165,ROS,88.9308692676249,89.119780971937,88.9308692676249,10.8333333333333,1,28,33,1,2,1,0,12.6923076923077,12.6923076923077,4,5
441,10976490,ROS,NA,84.1560574948665,83.4688569472964,6.5,1,15,33,1,2,4,1,NA,25,2,1
442,10986136,ROS,NA,79.5427789185489,78.6830937713895,15.0833333333333,1,18,34,1,2,4,0,NA,29,4,2
443,11198390,ROS,NA,82.0807665982204,81.5140314852841,3,1,22,33,1,2,3,1,NA,30,2,1
444,11233086,ROS,88.1067761806981,90+,89.3963039014374,12.75,1,18,33,1,2,4,1,16.551724137931,1,1,4
445,11259716,ROS,NA,90+,90+,6,1,10,33,1,2,3,1,NA,28,2,1
446,11310718,ROS,NA,80.5338809034908,79.9342915811088,4.58333333333333,1,21,33,1,2,5,1,NA,27,2,2
447,11326252,ROS,90+,90+,90+,3.28333333333333,1,18,33,1,2,4,1,17,20,2,4
448,11353057,ROS,NA,90+,90+,11.0333333333333,1,20,33,1,2,3,1,NA,26,2,1
449,11455530,ROS,NA,76.2710472279261,75.151266255989,14.5,1,22,33,1,2,2,0,NA,7,4,6
450,11469504,ROS,NA,90+,90+,12.5,1,22,33,1,2,2,0,NA,30,4,2
451,14726154,MAP,NA,90+,89.0759753593429,16.1666666666667,1,16,33,1,2,5,1,NA,28,1,2
452,15146050,ROS,NA,83.9315537303217,83.8631074606434,5.5,1,22,34,1,2,5,1,NA,26,1,1
453,15218541,MAP,NA,81.9383983572895,81.6180698151951,8.83333333333333,1,16,34,1,2,4,1,NA,28,2,1
454,15702926,ROS,81.9849418206708,86.3134839151266,85.9164955509925,16.4166666666667,1,20,34,1,2,5,1,19,12.8571428571429,1,4
455,18414513,MAP,NA,90+,90+,3.08333333333333,1,16,33,1,2,5,1,NA,4,2,4
456,20112377,ROS,68.9253935660506,74.7734428473648,73.9247091033539,5.08333333333333,0,16,34,1,2,5,1,23,8,1,4
457,20131870,ROS,NA,90+,77.3196440793977,12.7,0,19,34,1,2,5,1,NA,29,1,2
458,20224046,ROS,NA,90+,90+,9.5,0,25,33,1,2,5,1,NA,28,1,2
459,20264936,ROS,NA,88.6570841889117,87.7015742642026,3.58333333333333,0,20,33,1,2,3,1,NA,29,2,2
460,20267709,ROS,NA,90+,90+,5.16666666666667,0,16,33,1,2,4,1,NA,19,2,4
461,20380831,ROS,89.6016427104723,90+,90+,6,0,18,23,1,2,4,1,13,22,1,4
462,20603141,ROS,90+,90+,90+,5,0,16,23,1,2,3,0,25,25,3,4
463,20626558,ROS,89.9137577002053,90+,90+,4.75,0,18,33,1,2,5,1,24,0,1,5
464,20654818,ROS,74.6064339493498,77.2785763175907,76.6598220396988,3.68333333333333,0,16,34,1,2,3,1,10,5,1,6
465,20682204,ROS,NA,90+,89.5030800821355,5.08333333333333,0,16,33,1,2,2,0,NA,29,2,1
466,20780035,ROS,77.09787816564,88.1834360027378,87.1019849418207,5.08333333333333,0,22,34,1,2,5,1,26,4,1,4
467,20819999,ROS,90+,90+,90+,7.61666666666667,0,9,33,1,2,5,1,18,5,1,4
468,20911508,ROS,90+,90+,90+,8,0,18,34,1,2,5,1,24,0,1,4
469,20938117,ROS,NA,90+,90+,4.08333333333333,0,17,34,1,2,2,0,NA,23,2,2
470,20947550,ROS,73.6125941136208,83.3839835728953,82.8583162217659,3.11666666666667,0,18,34,1,2,4,1,23,0,1,4
471,20951100,ROS,90+,90+,90+,9.41666666666667,0,16,23,1,2,2,0,9,9,4,6
472,20966477,ROS,90+,90+,90+,4.5,0,15,33,1,2,4,1,24,24,2,4
473,21117516,ROS,85.2484599589322,88.5667351129363,88.1615331964408,14.25,0,16,33,1,2,3,1,23,12,1,5
474,21125782,ROS,77.160848733744,86.0588637919233,85.2101300479124,19.8333333333333,0,18,34,1,2,5,1,24,1,2,4
475,21126085,ROS,NA,86.9103353867214,86.2724161533196,2.25,0,20,33,1,2,4,1,NA,29,2,1
476,21126823,ROS,NA,90+,90+,6.28333333333333,0,18,33,1,2,1,0,NA,27,4,2
477,21175732,ROS,84.2956878850103,90+,90+,5.83333333333333,0,20,33,1,2,4,1,26,5,1,4
478,21198987,ROS,71.9233401779603,75.0362765229295,74.0260095824778,3.41666666666667,0,21,34,1,2,5,1,6,1,1,6
479,21404450,ROS,NA,89.3223819301848,88.8761122518823,17,0,18,33,1,2,2,1,NA,30,1,1
480,22237221,ROS,NA,90+,90+,13,0,18,34,2,1,5,1,NA,3,2,4
481,23791808,MAP,88.5092402464066,90+,90+,14.1666666666667,0,12,33,1,2,5,1,3,15,2,4
482,25580771,MAP,90+,90+,90+,5.3,0,18,33,1,2,3,1,27,21,2,4
483,31728786,MAP,NA,80.7200547570157,80.0191649555099,8.5,1,15,23,1,2,4,0,NA,27,4,1
484,31908032,ROS,NA,90+,90+,15.25,0,22,33,1,2,4,1,NA,28,2,1
485,32705437,MAP,NA,90+,90+,13.4666666666667,1,16,33,1,2,4,1,NA,24,1,2
486,33411712,MAP,NA,80.7720739219713,80.3559206023272,9.03333333333333,1,12,33,1,2,3,0,NA,20,4,2
487,36492755,MAP,NA,76.2847364818617,75.9726214921287,2.91666666666667,0,12,33,1,2,1,0,NA,29,3,1
488,36830117,MAP,NA,90+,89.8507871321013,6.75,1,9,33,1,2,3,1,NA,24,2,2
489,37178462,MAP,NA,82.6913073237509,81.6180698151951,7.26666666666667,1,16,33,1,2,2,0,NA,28,4,1
490,39484737,MAP,NA,86.2915811088296,85.305954825462,8.73333333333333,1,13,33,1,2,1,0,NA,27,3,3
491,46909396,MAP,NA,88.7912388774812,87.7645448323066,5.88333333333333,1,12,33,1,2,4,1,NA,26,2,2
492,46910335,MAP,NA,88.8323066392882,88.1971252566735,8.08333333333333,0,16,24,1,2,4,1,NA,28,2,2
493,50101361,MAP,NA,88.4079397672827,85.9137577002053,4.08333333333333,0,12,33,1,2,5,1,NA,28.8,2,2
494,50103705,MAP,87.3812457221081,88.3477070499658,87.3812457221081,43.3333333333333,0,17,33,1,2,3,1,28,28,2,4
495,50106028,MAP,NA,65.9931553730322,65.7111567419576,5.91666666666667,1,18,33,1,2,0,0,NA,26,4,2
496,50108200,MAP,90+,90+,90+,5.83333333333333,0,13,23,1,2,4,1,8.18181818181818,8.27586206896552,2,4
497,50300822,MAP,90+,90+,90+,5.83333333333333,0,12,34,1,2,5,1,12,12,2,4
498,50402567,MAP,NA,86.1108829568789,85.6180698151951,3.61666666666667,0,17,33,1,2,1,0,NA,30,4,1
499,50404163,MAP,NA,89.0130047912389,84.1478439425051,11.15,0,15,23,1,2,4,0,NA,29,4,1
500,50406345,MAP,NA,90+,90+,5,0,18,33,1,2,4,1,NA,30,2,2
501,50408941,MAP,NA,88.2217659137577,87.3730321697468,4.75,0,11,33,1,2,4,1,NA,25,2,1
502,50409406,MAP,NA,79.6878850102669,79.4661190965092,7,0,20,24,1,2,2,1,NA,30,1,1
503,50410283,MAP,NA,86.2751540041068,86.0698151950719,6.41666666666667,0,19,34,1,2,4,1,NA,19,1,4
504,52311825,MAP,80.643394934976,85.4318959616701,84.6707734428474,7.58333333333333,1,14,33,1,2,3,0,23,22,4,2
505,54104440,MAP,NA,84.8815879534565,83.937029431896,6.25,1,16,33,1,2,4,1,NA,26,2,2
506,55897318,MAP,90+,90+,90+,7.35,0,14,33,1,2,4,1,16,16,2,4
507,56432243,ROS,75.5400410677618,77.9493497604381,77.6071184120465,7.45,0,16,33,1,2,5,1,21,14,1,4
508,57978756,MAP,NA,81.2156057494867,80.6680355920602,5.75,0,12,33,1,2,2,0,NA,27,4,1
509,65652206,MAP,NA,78.2340862422998,78.2121834360027,4.51666666666667,1,16,33,1,2,1,0,NA,28,4,1
510,65838800,MAP,NA,82.7405886379192,80.1505817932923,6,0,16,44,1,2,5,1,NA,10,1,4
511,68525196,MAP,NA,90+,90+,8.75,1,15,33,1,2,4,1,NA,28,2,2
512,69432088,MAP,NA,90+,87.356605065024,5.75,0,16,33,1,2,5,1,NA,30,1,1
513,71648351,MAP,90+,90+,90+,3.45,0,20,33,1,2,3,1,23,5,1,4
514,72650337,MAP,NA,90+,90+,6,0,14,33,1,2,4,0,NA,21.1111111111111,4,2
515,76008327,MAP,NA,90+,90+,6.08333333333333,0,9,34,1,2,5,1,NA,0,1,4
516,76733461,MAP,82.757015742642,83.8576317590691,83.5400410677618,6.33333333333333,0,15,44,1,2,5,1,14,4,1,4
517,76755449,MAP,72.8350444900753,77.3141683778234,74.8501026694045,5.25,0,12,33,1,2,4,1,23,23,2,4
518,85065193,MAP,NA,90+,90+,3.66666666666667,0,12,33,1,2,4,0,NA,30,4,1
519,87208386,MAP,90+,90+,90+,8.26666666666667,0,17,33,1,2,3,0,28,26,4,2
520,89164957,MAP,90+,90+,90+,5.25,0,14,33,1,2,3,1,10.8,10.8,2,4
521,91444029,MAP,NA,87.6878850102669,86.9869952087611,5.8,1,16,33,1,2,3,1,NA,17,2,4
522,95491648,MAP,NA,85.7960301163587,85.5879534565366,5.58333333333333,1,19,33,1,2,3,0,NA,27,4,1
523,9841821,MAP,NA,82.8555783709788,81.9411362080767,4.3,1,16,34,1,2,6,1,NA,0,1,4
524,10202345,ROS,NA,81.5797399041752,81.4264202600958,6.75,1,18,34,1,2,4,1,NA,30,1,1
525,10208143,ROS,NA,81.0951403148528,80.8432580424367,9.96666666666667,1,18,33,1,2,1,0,NA,27,4,3
526,10261026,ROS,NA,80.9445585215606,80.3340177960301,16.6666666666667,1,25,33,1,2,3,0,NA,29,4,1
527,10284019,ROS,NA,89.782340862423,89.3415468856947,20.8833333333333,1,12,34,1,2,4,1,NA,26,1,2
528,10359111,ROS,90+,90+,90+,4.85,1,19,33,1,2,2,0,23,27,4,2
529,10401770,ROS,77.4346338124572,80.3230663928816,79.3483915126626,2.66666666666667,1,21,34,1,2,5,1,26,20,1,4
530,10419072,ROS,NA,88.3039014373717,87.5071868583162,4,1,21,33,1,2,1,0,NA,25,4,2
531,10479920,ROS,77.6673511293635,80.8213552361396,80.580424366872,4,1,21,34,1,2,3,1,21,18.6206896551724,2,5
532,10516762,ROS,NA,79.3757700205339,78.861054072553,4.85,1,18,33,1,2,3,0,NA,23,3,2
533,10885370,ROS,NA,82.8856947296372,82.4531143052704,6.08333333333333,1,23,34,1,2,1,0,NA,28,3,1
534,11072071,ROS,NA,87.9534565366188,86.9787816563997,85.0833333333333,1,18,33,1,2,2,0,NA,27,4,1
535,11421184,ROS,NA,71.7015742642026,71.605749486653,19,1,21,33,1,2,2,0,NA,29,2,1
536,11464261,ROS,NA,84.37234770705,83.5071868583162,4,1,16,23,1,2,1,0,NA,24,4,4
537,11631558,ROS,NA,67.3702943189596,66.9596167008898,5,1,12,23,1,2,1,0,NA,30,4,1
538,14498577,MAP,90+,90+,90+,8.91666666666667,0,16,22,1,2,3,0,20,0,4,4
539,15110134,ROS,NA,87.6495550992471,87.5373032169747,3,1,19,33,1,2,4,1,NA,24,2,4
540,17345449,MAP,78.8199863107461,85.7056810403833,84.8213552361396,43.55,0,12,33,1,2,4,1,28,27,1,2
541,20120255,ROS,90+,90+,90+,17.8333333333333,0,20,33,1,2,5,1,27,15,1,4
542,20124321,ROS,NA,86.6748802190281,86.1081451060917,1.58333333333333,0,18,23,1,2,4,1,NA,29,1,3
543,20130577,ROS,NA,90+,90+,8.25,0,20,33,1,2,4,1,NA,0,2,6
544,20141228,ROS,NA,83.5373032169747,82.5954825462012,6,0,16,34,1,2,5,1,NA,25,1,4
545,20147026,ROS,NA,78.031485284052,77.3853524982888,3,0,18,33,1,2,4,1,NA,26,1,2
546,20151388,ROS,79.9917864476386,83.2662559890486,83.0308008213552,5.41666666666667,0,16,33,1,2,5,1,27,16,1,4
547,20178447,ROS,NA,82.3846680355921,81.8918548939083,13.9166666666667,0,18,34,1,2,4,0,NA,28,4,2
548,20197364,ROS,87.7371663244353,88.7912388774812,88.7337440109514,5.41666666666667,0,20,33,1,2,3,1,9,10,1,4
549,20214850,ROS,82.154688569473,84.807665982204,84.1368925393566,4.41666666666667,0,21,34,1,2,5,1,21,15,1,4
550,20225051,ROS,NA,90+,90+,10.6666666666667,0,20,34,1,2,4,1,NA,27,2,1
551,20232474,ROS,NA,83.1622176591376,82.5516769336071,7.5,0,16,34,1,2,5,1,NA,10,1,4
552,20233939,ROS,NA,90+,90+,3.83333333333333,0,20,33,1,2,4,1,NA,25,2,2
553,20242958,ROS,87.3347022587269,87.8466803559206,87.3347022587269,4.21666666666667,0,20,33,1,2,5,1,18,18,2,4
554,20244554,ROS,NA,90+,90+,3.08333333333333,0,19,33,1,2,4,1,NA,29,1,2
555,20275399,ROS,85.1362080766598,87.5099247091034,87.1457905544148,3.58333333333333,0,18,33,1,2,3,0,24,25,4,5
556,20311676,ROS,NA,90+,89.1006160164271,4.58333333333333,0,18,34,1,2,5,1,NA,30,1,2
557,20331760,ROS,90+,90+,90+,5.25,0,18,34,1,2,5,1,20,20,1,4
558,20348895,ROS,NA,90+,90+,7.83333333333333,0,20,33,1,2,4,1,NA,26,2,2
559,20366419,ROS,90+,90+,90+,6.41666666666667,0,18,33,1,2,4,1,22,19,2,4
560,20557128,ROS,NA,82.7898699520876,82.466803559206,12.9666666666667,0,18,34,1,2,5,1,NA,29,2,1
561,20674902,ROS,77.0266940451745,80.7364818617385,79.9616700889802,6,0,16,34,1,2,5,1,22,12,1,4
562,20730959,ROS,NA,85.1635865845311,84.208076659822,3.25,0,16,23,1,2,3,1,NA,28,2,1
563,20904347,ROS,NA,82.8911704312115,82.1409993155373,5,0,18,34,1,2,4,1,NA,24,1,4
564,20905352,ROS,NA,90+,90+,18,0,16,24,1,2,5,1,NA,7,1,4
565,20946545,ROS,90+,90+,90+,18.5,0,16,34,1,2,5,1,24,16,1,4
566,20970441,ROS,90+,90+,90+,13.5,0,12,23,1,2,5,1,24,19,1,4
567,20993308,ROS,NA,83.3675564681725,83.1978097193703,1,0,14,33,1,2,1,0,NA,26,4,1
568,21000630,ROS,86.9486652977413,89.3935660506502,88.9993155373032,4.71666666666667,0,17,33,1,2,4,1,25.9090909090909,15.5555555555556,2,4
569,21101658,ROS,NA,83.2908966461328,81.9548254620123,5.58333333333333,0,25,33,1,2,2,0,NA,30,2,1
570,21117192,ROS,NA,90+,90+,2.58333333333333,0,16,33,1,2,3,0,NA,30,4,1
571,21131938,ROS,NA,90+,90+,4.46666666666667,0,18,34,1,1,4,1,NA,27,2,5
572,21156815,ROS,87.1540041067762,90+,90+,NA,0,22,33,1,2,5,1,28,1,1,4
573,21171080,ROS,78.6748802190281,82.8227241615332,82.6830937713895,3.33333333333333,0,21,33,1,2,5,1,24,17,2,4
574,21174303,ROS,NA,86.5133470225873,85.9137577002053,9.08333333333333,0,20,33,1,2,4,0,NA,26,4,1
575,21180423,ROS,NA,79.7891854893908,79.1786447638604,11,0,21,33,1,2,3,0,NA,22,3,1
576,21246218,ROS,NA,90+,90+,3.11666666666667,0,19,33,1,1,5,1,NA,2,1,4
577,21274866,ROS,NA,75.8466803559206,75.2936344969199,3,0,14,33,1,2,1,0,NA,29,4,1
578,22100675,ROS,88.3504449007529,90+,90+,8.75,0,21,33,6,1,3,1,22,21,1,4
579,22210036,ROS,83.4469541409993,89.6755646817249,89.4264202600958,6.25,0,18,34,2,2,5,1,22,27,1,4
580,24310553,MAP,NA,84.7501711156742,84.5448323066393,3.83333333333333,0,12,33,1,2,3,0,NA,28.75,4,1
581,24680888,MAP,77.2676249144422,86.1683778234086,85.2813141683778,11.5,1,16,34,1,2,5,1,23,3.10344827586207,1,4
582,24747976,MAP,NA,90+,85.0841889117043,21.75,0,12,33,1,2,5,1,NA,26,2,2
583,27313862,MAP,NA,90+,90+,4.83333333333333,0,16,22,1,2,3,0,NA,28,3,1
584,29933130,MAP,90+,90+,90+,4.41666666666667,0,15,33,1,2,5,1,19,15.6,2,4
585,33646937,MAP,NA,90+,90+,4.58333333333333,0,14,33,1,2,4,0,NA,24,4,2
586,36087310,MAP,NA,90+,90+,10.5333333333333,0,20,33,1,2,5,1,NA,23,2,NA
587,36773029,MAP,NA,90+,90+,6.08333333333333,0,12,23,1,2,4,1,NA,29,2,1
588,36951779,MAP,82.5462012320329,83.1786447638604,82.5462012320329,5.9,0,14,23,1,2,4,1,2,2,1,6
589,41817635,ROS,NA,78.0616016427105,77.845311430527,19,0,18,33,1,1,3,0,NA,30,4,1
590,47236602,MAP,NA,90+,90+,5,0,12,33,1,2,5,1,NA,26,2,1
591,50101785,MAP,NA,88.4928131416838,88.3504449007529,8.83333333333333,1,10,33,1,2,4,1,NA,27,2,2
592,50103967,MAP,NA,82.2313483915127,82.1738535249829,12.5333333333333,1,16,33,1,2,2,0,NA,30,4,2
593,50104972,MAP,85.5879534565366,86.9705681040383,86.4229979466119,5.91666666666667,0,13,34,1,2,5,1,15,9,1,4
594,50107745,MAP,85.1362080766598,90+,90+,4.83333333333333,1,12,34,1,2,5,1,23,1,2,4
595,50107871,MAP,84.7994524298426,90+,90+,5,0,18,34,1,2,4,1,19,0,1,4
596,50108048,MAP,89.9247091033539,90+,90+,7,0,12,33,1,2,5,1,28,0,1,4
597,50108886,MAP,NA,90+,90+,7.28333333333333,0,12,33,1,2,4,1,NA,19.2,2,1
598,50300660,MAP,NA,90+,90+,10,1,15,33,1,2,2,1,NA,28,1,2
599,50302392,MAP,90+,90+,90+,6,0,12,33,1,2,5,1,22,22,1,4
600,50303145,MAP,NA,87.211498973306,86.6420260095825,14.5,0,16,33,1,2,3,1,NA,26,2,2
601,50400259,MAP,NA,90+,89.7221081451061,6.58333333333333,1,16,34,1,2,4,0,NA,28,4,5
602,50400709,MAP,82.3545516769336,87.3264887063655,82.3545516769336,7.16666666666667,0,13,33,1,2,5,1,12,12,1,4
603,50402693,MAP,86.92128678987,90+,90+,8.6,1,16,34,1,2,4,0,23,5,3,4
604,50403860,MAP,NA,85.6016427104723,84.7173169062286,11.1666666666667,1,19,33,1,2,1,0,NA,27,2,1
605,50407486,MAP,90+,90+,90+,8.75,0,12,33,1,2,5,1,12.8571428571429,12.8571428571429,2,4
606,50408789,MAP,NA,88.476386036961,87.047227926078,3.45,0,14,23,1,2,2,0,NA,30,2,1
607,51442191,MAP,90+,90+,90+,6,0,16,23,1,2,5,1,23,12,1,4
608,51791453,MAP,NA,86.5297741273101,85.4264202600958,5.7,0,16,34,1,2,4,1,NA,28,2,2
609,54324848,MAP,NA,88.5201916495551,87.4934976043806,8.75,0,18,33,1,2,5,1,NA,30,2,2
610,57978468,MAP,89.6700889801506,90+,90+,5.63333333333333,0,13,34,1,2,5,1,21,9,1,4
611,60725338,MAP,NA,90+,90+,7.53333333333333,0,18,23,1,2,4,1,NA,29,1,1
612,60848460,MAP,NA,87.4031485284052,87.2032854209446,7,0,14,34,1,2,5,1,NA,25,2,2
613,62176713,MAP,NA,78.735112936345,78.3956194387406,15.6666666666667,0,12,23,1,2,2,0,NA,29,2,2
614,63188799,MAP,83.9561943874059,89.2183436002738,88.703627652293,6.5,0,14,33,1,2,6,1,14,0,1,4
615,65001607,MAP,NA,90+,90+,6.65,0,15,33,1,2,4,0,NA,28,3,2
616,65292866,MAP,90+,90+,90+,4.41666666666667,1,20,33,1,2,3,1,18,18,1,4
617,70153803,MAP,86.984257357974,90+,90+,5,0,11,34,1,2,4,1,17,9,1,4
618,74078795,MAP,90+,90+,90+,10.4333333333333,0,13,33,1,2,4,1,26,22,2,4
619,77143621,MAP,NA,90+,90+,5.18333333333333,1,14,33,1,2,2,1,NA,23,1,2
620,83984043,MAP,87.8521560574949,88.9445585215606,87.8521560574949,19.5,1,15,33,1,2,5,1,9,9,1,4
621,90267190,MAP,90+,90+,90+,13.5833333333333,1,16,33,1,2,3,1,18,18,2,4
622,90447310,MAP,90+,90+,90+,3.83333333333333,0,16,33,1,2,4,0,18,19.2,4,4
623,91707643,MAP,NA,90+,89.7850787132101,6.23333333333333,1,13,34,1,2,4,1,NA,27,1,2
624,91804757,MAP,NA,85.1334702258727,84.8569472963724,6.25,0,12,33,1,2,5,1,NA,NA,1,4
625,95919181,MAP,NA,85.8261464750171,85.3524982888433,3.25,1,16,33,1,2,3,1,NA,28,2,2
626,97006937,MAP,NA,84.4791238877481,83.8740588637919,5.5,0,12,44,1,2,3,0,NA,23,3,2
627,4127190,MAP,NA,88.6379192334018,87.750855578371,18.1666666666667,0,20,23,1,2,2,0,NA,29,4,1
628,5498462,MAP,NA,90+,90+,4.91666666666667,1,14,33,1,2,3,0,NA,27,4,1
629,10271474,ROS,NA,76.3093771389459,76.1232032854209,2.5,1,25,33,1,2,3,1,NA,28,2,1
630,10288185,ROS,NA,76.8843258042437,75.9534565366188,3.25,1,15,33,1,1,2,0,NA,24,4,2
631,10459674,ROS,NA,90+,89.9630390143737,6.5,1,14,23,1,1,4,0,NA,29,4,1
632,10481686,ROS,NA,89.5715263518138,89.1991786447639,4,1,8,23,1,2,3,1,NA,26,2,1
633,10488101,ROS,90+,90+,90+,4.75,1,13,33,1,2,5,1,10,10,1,4
634,10490579,ROS,NA,83.8110882956879,82.9459274469541,12,1,18,34,1,2,2,0,NA,15,2,4
635,10524640,ROS,NA,83.5400410677618,82.3956194387406,5.08333333333333,1,18,34,1,2,4,1,NA,27,2,2
636,10537609,ROS,NA,82.2094455852156,79.8001368925394,5.41666666666667,1,22,33,1,2,3,1,NA,30,2,1
637,10606903,ROS,NA,80.2108145106092,79.2416153319644,26.5,1,21,34,1,2,3,1,NA,23,2,1
638,10675906,ROS,NA,90+,90+,5.91666666666667,1,19,23,1,2,3,1,NA,29,2,2
639,10850171,ROS,NA,71.6249144421629,71.482546201232,4.08333333333333,1,26,33,1,2,1,0,NA,30,4,1
640,11327005,ROS,87.1019849418207,88.9609856262834,88.0082135523614,2.58333333333333,1,20,23,1,2,4,1,NA,24,1,4
641,11342432,ROS,NA,90+,89.6290212183436,2.58333333333333,1,21,33,1,2,2,0,NA,29,4,1
642,11399321,ROS,82.0287474332649,86.9158110882957,84.9774127310062,2.33333333333333,1,23,23,1,2,1,0,20,25,4,3
643,11440263,ROS,NA,77.1772758384668,77.1115674195756,2.5,1,12,34,1,2,1,0,NA,29,4,1
644,11478659,ROS,87.0034223134839,90+,90+,4.13333333333333,1,15,33,1,2,2,1,21,18,1,4
645,12365619,MAP,NA,87.419575633128,86.1218343600274,7.88333333333333,1,23,33,1,2,6,1,NA,0,1,4
646,15113169,ROS,NA,84.8240930869268,84.4654346338125,5.5,1,21,33,1,2,4,1,NA,29,2,1
647,15143863,ROS,87.62765229295,88.0465434633812,87.62765229295,3.91666666666667,1,20,33,1,2,5,1,27,27,2,4
648,15738428,ROS,NA,85.201916495551,84.9007529089665,2.33333333333333,1,20,33,1,2,1,0,NA,29,3,1
649,16513683,MAP,90+,90+,90+,7.08333333333333,0,11,34,1,2,4,1,15.5555555555556,19.6153846153846,1,5
650,17929065,MAP,NA,90+,90+,8.58333333333333,0,12,33,1,2,2,0,NA,27,3,1
651,20105242,ROS,NA,87.2854209445585,86.4832306639288,7.5,0,18,33,1,2,3,0,NA,29,4,1
652,20115276,ROS,84.2053388090349,85.0239561943874,84.2053388090349,13.6333333333333,0,16,34,1,2,4,1,25,25,1,4
653,20139562,ROS,75.6988364134155,87.668720054757,86.7898699520876,17.4166666666667,0,20,34,1,2,5,1,26,0,1,4
654,20143248,ROS,NA,90+,90+,3.33333333333333,0,20,33,1,2,4,0,NA,28,3,2
655,20153010,ROS,77.2813141683778,82.2751540041068,81.3305954825462,11.4166666666667,0,16,44,1,2,5,1,28,25,1,4
656,20170917,ROS,NA,88.6269678302532,88.0109514031485,7,0,30,34,1,2,4,1,NA,27,2,2
657,20178159,ROS,NA,90+,90+,14.5833333333333,0,20,33,1,2,3,0,NA,23,3,2
658,20194465,ROS,85.4948665297741,90+,89.6974674880219,3.7,0,20,33,1,2,5,1,25,10,1,4
659,20234818,ROS,NA,77.9849418206708,77.1444216290212,13.9,0,12,34,1,2,5,1,NA,10,1,4
660,20254164,ROS,NA,71.958932238193,71.7207392197125,18.6666666666667,0,23,33,1,2,3,0,NA,29,4,1
661,20254588,ROS,NA,86.0862422997947,85.201916495551,12.9166666666667,0,18,33,1,2,5,1,NA,30,1,1
662,20260284,ROS,NA,90+,90+,19,0,16,33,1,2,5,1,NA,0,1,4
663,20260734,ROS,NA,86.8117727583847,85.6728268309377,8.66666666666667,0,18,34,1,2,3,1,NA,23,1,1
664,20261037,ROS,90+,90+,90+,7.25,0,19,34,1,2,5,1,16,0,1,4
665,20261613,ROS,NA,90+,89.5852156057495,16.3333333333333,0,22,23,1,2,0,0,NA,30,4,1
666,20264512,ROS,NA,84.4298425735797,83.5455167693361,10.05,0,12,33,1,2,3,0,NA,28,3,1
667,20270768,ROS,NA,90+,90+,4.33333333333333,0,16,23,1,2,4,1,NA,28,2,1
668,20312979,ROS,NA,90+,89.3716632443532,33.5,0,21,23,1,2,4,1,NA,29,1,1
669,20339740,ROS,NA,90+,89.7029431895962,5.53333333333333,0,18,33,1,2,4,1,NA,28,1,1
670,20416210,ROS,76.7091033538672,83.9753593429158,83.1348391512663,7.91666666666667,0,10,33,1,2,2,0,28,30,4,2
671,20474300,ROS,80.9883641341547,86.3490759753593,85.1362080766598,6.03333333333333,0,18,34,1,2,5,1,20,5,1,4
672,20506325,ROS,87.7782340862423,90+,89.8124572210814,5,0,11,33,1,2,5,1,10,0,1,4
673,20561642,ROS,82.0177960301164,90+,90+,6.58333333333333,0,14,34,1,2,5,1,22,2,1,4
674,20712597,ROS,NA,84.580424366872,83.5811088295688,6,0,16,23,1,2,4,1,NA,30,2,1
675,20767628,ROS,NA,86.8364134154689,84.9308692676249,17,0,16,23,1,2,1,0,NA,30,4,2
676,20834164,ROS,NA,79.1786447638604,78.8062970568104,3,0,17,23,1,2,2,0,NA,30,2,1
677,20906079,ROS,76.5503080082135,77.7987679671458,77.6071184120465,9,0,19,23,1,2,3,1,23,16,2,4
678,20917568,ROS,79.4880219028063,82.2669404517454,81.5030800821355,4.71666666666667,0,18,33,2,2,4,1,25,22,2,5
679,20925446,ROS,NA,87.5509924709103,87.501711156742,3,0,14,33,1,2,4,1,NA,14,2,4
680,20929774,ROS,84.0355920602327,87.9315537303217,87.0362765229295,23.3333333333333,0,20,33,1,2,4,1,28,22,2,4
681,20942767,ROS,NA,77.2265571526352,77.07871321013,16.25,0,16,33,1,2,4,0,NA,30,4,1
682,21001069,ROS,NA,87.5208761122519,87.337440109514,54.0833333333333,0,20,34,1,2,4,1,NA,13,1,4
683,21001519,ROS,NA,81.1800136892539,80.5366187542779,5.75,0,21,34,1,2,2,1,NA,28,1,1
684,21001933,ROS,NA,80.8542094455852,80.7392197125257,4.83333333333333,0,16,33,1,2,1,0,NA,27,3,1
685,21113576,ROS,NA,85.0020533880903,83.8466803559206,17.8333333333333,0,16,33,1,2,4,1,NA,23,2,2
686,21131352,ROS,NA,72.1916495550992,71.3921971252567,11.4166666666667,0,22,33,1,2,1,0,NA,29,4,1
687,21176459,ROS,90+,90+,90+,12.75,0,16,33,1,2,4,1,15,15,1,4
688,21232244,ROS,89.4757015742642,90+,90+,9.91666666666667,0,16,33,1,2,4,1,24,25,2,2
689,21401001,ROS,83.8357289527721,87.9260780287474,87.7645448323066,19.5833333333333,0,18,33,1,2,5,1,27,0,1,4
690,21402304,ROS,90+,90+,90+,3.33333333333333,0,19,33,1,2,2,0,24,24,3,5
691,21403733,ROS,NA,90+,90+,4.8,0,16,33,1,2,3,0,NA,27.6,3,2
692,22813029,MAP,81.8343600273785,85.6153319644079,82.8637919233402,21.75,1,16,33,1,2,3,0,24,26.7857142857143,4,4
693,23004922,MAP,NA,87.1567419575633,86.9541409993155,6,1,14,33,1,2,4,1,NA,26,2,2
694,25300551,MAP,NA,88.9500342231348,87.9425051334702,6.75,1,12,33,1,2,5,1,NA,27,2,2
695,25837301,MAP,NA,82.1902806297057,81.5797399041752,9.75,1,16,33,1,2,4,1,NA,28,1,2
696,27481601,MAP,83.2580424366872,88.4462696783025,88.2409308692676,6.5,0,15,34,1,2,5,1,20,0,1,4
697,27560777,MAP,NA,88.8350444900753,86.6995208761122,6.05,0,14,23,1,2,3,0,NA,28,4,1
698,30819298,MAP,NA,89.9000684462697,89.1115674195756,8.08333333333333,0,10,33,1,2,3,0,NA,8,3,4
699,31756046,MAP,NA,80.4709103353867,79.4852840520192,4.36666666666667,0,16,33,1,2,3,0,NA,30,4,2
700,36751041,MAP,90+,90+,90+,4.26666666666667,0,16,33,1,2,5,1,24,0,1,4
701,43074402,MAP,NA,90+,90+,3.91666666666667,1,16,34,1,2,3,0,NA,26,3,2
702,43872204,MAP,NA,67.4250513347023,66.6036960985626,NA,0,12,23,2,2,0,0,NA,26,4,1
703,44299049,MAP,90+,90+,90+,14.3333333333333,1,20,34,1,2,4,1,18,13,2,4
704,44671043,MAP,NA,77.6837782340862,77.0458590006845,13.75,1,12,33,1,2,2,1,NA,20,1,2
705,45450112,MAP,NA,81.2813141683778,81.0212183436003,5.31666666666667,0,12,33,1,2,3,0,NA,23.7931034482759,4,1
706,45514725,MAP,NA,90+,90+,7.75,0,12,33,1,2,1,0,NA,16,2,NA
707,45984063,MAP,90+,90+,90+,8,0,12,33,1,2,4,0,22,4,4,4
708,46000440,MAP,88.703627652293,89.6427104722793,88.703627652293,6.91666666666667,1,16,34,1,2,4,1,19,19,1,4
709,46251007,MAP,NA,89.0513347022587,88.1971252566735,6.11666666666667,0,16,33,1,2,2,0,NA,29,4,1
710,46369736,MAP,90+,90+,90+,4.41666666666667,0,16,23,1,2,4,0,26.7857142857143,20.3571428571429,4,5
711,49676048,MAP,NA,85.533196440794,85.0403832991102,5.25,0,16,33,1,2,4,0,NA,28,3,1
712,50102088,MAP,NA,90+,90+,4.46666666666667,0,17,33,1,2,5,1,NA,0,1,4
713,50102114,MAP,NA,88.4079397672827,87.5126625598905,6,1,18,23,1,2,2,0,NA,30,4,1
714,50102240,MAP,NA,87.7891854893908,87.6413415468857,4,1,19,34,1,2,4,1,NA,28,2,3
715,50104846,MAP,90+,90+,90+,4,0,17,34,1,2,4,1,24,24,1,4
716,50105275,MAP,NA,83.4852840520192,82.9869952087611,23,1,12,34,1,2,5,1,NA,10,1,4
717,50105301,MAP,NA,90+,90+,7.75,1,12,33,1,2,5,1,NA,28,2,1
718,50105699,MAP,82.4065708418891,88.7748117727584,88.5092402464066,3,0,12,34,1,2,5,1,21,3,1,4
719,50105725,MAP,NA,87.4661190965092,86.6173853524983,21.6333333333333,1,17,23,1,2,4,0,NA,27,3,2
720,50105987,MAP,NA,90+,90+,9.08333333333333,0,14,23,1,2,4,1,NA,21,2,2
721,50107457,MAP,84.5475701574264,85.3442847364819,84.5475701574264,3.5,1,12,24,1,2,5,1,17,17,2,4
722,50108912,MAP,90+,90+,90+,6.1,1,16,33,1,2,3,1,18.8888888888889,21.4285714285714,1,4
723,50109215,MAP,84.9582477754962,89.4401095140315,88.9965776865161,1.5,1,21,34,1,2,4,1,22,6,1,4
724,50301413,MAP,NA,90+,90+,3,0,14,33,1,2,1,0,NA,25.7142857142857,4,2
725,50302978,MAP,NA,90+,90+,3.5,0,13,22,1,2,4,0,NA,23,4,2
726,50402305,MAP,77.1526351813826,86.7460643394935,85.9630390143737,5.36666666666667,1,16,33,1,2,3,1,29,24,2,4
727,50403310,MAP,NA,90+,90+,9.5,0,18,23,1,2,3,1,NA,24,2,2
728,50406183,MAP,NA,90+,90+,7,0,16,34,1,2,4,1,NA,25,1,2
729,50409370,MAP,NA,80.9253935660506,80.643394934976,5.66666666666667,0,16,34,1,2,4,1,NA,26,1,2
730,51400993,MAP,NA,89.7275838466804,88.7994524298426,6.55,0,16,33,1,2,3,0,NA,27,4,2
731,53682197,MAP,NA,82.2915811088296,81.7659137577002,6.41666666666667,0,12,33,1,2,3,0,NA,30,4,1
732,60269051,ROS,NA,89.1800136892539,88.9637234770705,6.66666666666667,0,18,33,1,2,4,1,NA,24,2,2
733,61142759,MAP,NA,90+,90+,2.5,0,16,33,1,2,1,0,NA,28,2,1
734,62483327,MAP,NA,79.3073237508556,79.2169746748802,4.96666666666667,1,12,34,1,2,2,0,NA,0,2,4
735,64216968,MAP,NA,90+,90+,14.5,0,16,23,1,2,3,0,NA,25,4,1
736,67429065,MAP,NA,90+,90+,6.86666666666667,1,16,33,1,2,2,0,NA,26,4,2
737,72205714,MAP,90+,90+,90+,54.5,1,8,22,1,2,4,1,14,14,2,2
738,82317494,MAP,81.368925393566,84.3203285420945,84.2190280629706,5.75,1,12,33,1,2,5,1,22,21,2,4
739,84653463,MAP,NA,89.4182067077344,88.6680355920602,5.91666666666667,0,12,33,1,2,4,1,NA,25,1,2
740,86600442,MAP,NA,80.5995893223819,79.4387405886379,6.5,0,12,23,1,2,3,1,NA,25,2,1
741,86956481,MAP,NA,77.8781656399726,77.8370978781656,6.11666666666667,0,12,34,2,2,5,1,NA,0,1,NA
742,87645445,MAP,NA,90+,90+,6.68333333333333,0,12,34,1,2,5,1,NA,3,1,4
743,91921829,MAP,NA,89.3032169746749,88.5749486652977,4.75,0,16,33,1,2,3,0,NA,29,3,1
744,92371267,MAP,NA,88.1642710472279,87.8822724161533,4.76666666666667,0,15,33,1,2,5,1,NA,24,1,2
745,93815598,MAP,NA,90+,90+,3.5,0,7,33,1,2,3,0,NA,19,4,6
746,94144536,MAP,NA,90+,90+,8.21666666666667,0,11,33,1,2,5,1,NA,24,1,2
747,97264179,MAP,84.0438056125941,90+,90+,11.5833333333333,0,14,33,1,2,4,0,20,6,4,4
748,4576591,MAP,90+,90+,90+,4.91666666666667,0,12,23,1,2,3,1,18,18,2,4
749,6073025,MAP,NA,85.4072553045859,84.9555099247091,8.5,0,13,33,1,2,3,1,NA,27,1,1
750,8132197,MAP,NA,90+,90+,4.08333333333333,0,16,23,1,2,3,1,NA,27,2,2
751,10101291,ROS,NA,83.3976728268309,82.4804928131417,7.58333333333333,1,15,23,1,2,3,0,NA,22,4,2
752,10218339,ROS,NA,90+,89.8754277891855,2.83333333333333,1,16,33,1,2,5,1,NA,27,1,1
753,10235948,ROS,NA,81.5386721423682,81.1635865845311,11.65,1,18,34,1,2,5,1,NA,0,1,4
754,10275964,ROS,90+,90+,90+,24.75,1,22,33,1,2,4,1,25,25,2,4
755,10424475,ROS,77.4866529774127,78.5106091718001,78.3764544832307,4,1,22,44,2,2,3,1,24,26,2,5
756,10442701,ROS,84.082135523614,86.2477754962354,86.2149212867899,3.66666666666667,1,8,33,1,2,3,0,20,18,4,4
757,10460587,ROS,NA,84.3641341546886,83.4086242299795,3.66666666666667,1,21,33,1,2,3,1,NA,29,2,2
758,10510090,ROS,NA,90+,90+,5.01666666666667,1,25,33,1,2,3,0,NA,23,4,2
759,10536568,ROS,NA,84.9883641341547,84.6406570841889,15.1666666666667,1,19,33,1,2,1,0,NA,28,3,1
760,10572120,ROS,82.6009582477755,86.3983572895277,85.7604380561259,2.25,1,22,24,1,2,5,0,29,27,3,3
761,11157783,ROS,84.1122518822724,90+,89.1143052703628,21.4166666666667,1,22,44,1,2,4,1,16,1,1,4
762,11173549,ROS,NA,73.8343600273785,73.4455852156057,7.25,1,22,33,1,2,2,0,NA,28,4,1
763,11349119,ROS,NA,74.6009582477755,74.1492128678987,4.75,1,21,33,1,2,1,0,NA,30,2,1
764,11349821,ROS,73.5687885010267,77.7987679671458,77.555099247091,4.91666666666667,1,22,33,1,2,4,1,24,23,2,5
765,11466579,ROS,NA,83.066392881588,82.8199863107461,2.5,1,21,33,1,2,4,1,NA,25,2,2
766,11467746,ROS,NA,84.9253935660506,84.870636550308,3.36666666666667,1,12,33,1,2,2,0,NA,22,4,2
767,14397423,MAP,90+,90+,90+,6,1,16,33,1,2,4,1,23,20.4,2,2
768,15147641,ROS,90+,90+,90+,5.5,1,19,33,1,2,5,1,18,15,1,4
769,16621574,MAP,NA,89.3032169746749,88.9801505817933,6.91666666666667,0,13,23,1,2,4,1,NA,28,1,1
770,17219510,MAP,NA,84.8761122518823,83.5509924709103,5.25,0,14,34,1,2,4,1,NA,24,1,2
771,18659212,MAP,NA,90+,90+,6.8,1,19,33,1,2,3,0,NA,25,3,2
772,20104101,ROS,90+,90+,90+,4.5,0,18,23,1,2,2,0,25,0,3,4
773,20108141,ROS,90+,90+,90+,4.5,0,17,33,1,2,3,0,23.0769230769231,10.9090909090909,4,4
774,20148879,ROS,NA,90+,90+,4.16666666666667,0,18,34,1,2,3,1,NA,20.4,2,4
775,20156469,ROS,90+,90+,90+,13,0,20,23,1,2,4,1,24,24,2,5
776,20170179,ROS,76.848733744011,90+,80.8542094455852,18.75,0,24,33,1,2,3,0,18,16,3,5
777,20177982,ROS,NA,75.8521560574949,72.5859000684463,4.21666666666667,0,16,34,1,2,4,1,NA,29,2,1
778,20180815,ROS,NA,90+,89.8562628336756,4.33333333333333,0,18,33,1,2,3,1,NA,25,2,2
779,20187042,ROS,83.9315537303217,84.3477070499658,83.9315537303217,12.9166666666667,0,18,33,1,2,3,1,22,22,2,4
780,20204114,ROS,87.419575633128,90+,89.3963039014374,6.66666666666667,0,20,33,1,2,5,1,25,16,1,4
781,20204538,ROS,84.0219028062971,87.9917864476386,87.047227926078,2.91666666666667,0,16,33,1,2,5,1,28,16,2,4
782,20207013,ROS,NA,90+,90+,4.16666666666667,0,23,23,1,2,1,0,NA,27,4,1
783,20239863,ROS,NA,85.4620123203285,84.4243668720055,11.9166666666667,0,21,33,1,2,4,1,NA,28,2,2
784,20263921,ROS,89.0924024640657,90+,90+,17.5833333333333,0,20,33,1,2,5,1,26,15,1,4
785,20372539,ROS,81.7850787132101,85.6399726214921,84.7200547570157,3.66666666666667,0,18,44,1,2,5,1,25,14,1,4
786,20399274,ROS,NA,83.4305270362765,82.8884325804244,9.78333333333333,0,16,33,1,2,4,1,NA,29,1,1
787,20474724,ROS,90+,90+,90+,4.36666666666667,0,16,33,1,2,5,1,26,0,1,4
788,20656964,ROS,NA,71.3100616016427,71.2279260780287,7.8,0,18,33,1,2,2,0,NA,29,2,1
789,20945666,ROS,90+,90+,90+,17.4166666666667,0,16,34,1,2,4,1,22,22,2,4
790,20966891,ROS,NA,90+,90+,2.41666666666667,0,15,33,1,2,3,1,NA,27,2,1
791,20990085,ROS,NA,81.3798767967146,80.3422313483915,4.83333333333333,0,16,33,1,2,2,0,NA,28,4,1
792,21001807,ROS,NA,81.8151950718686,81.0513347022587,5.33333333333333,0,18,33,1,2,4,1,NA,26,2,1
793,21114031,ROS,NA,81.0349075975359,80.6078028747433,8,0,16,44,1,2,4,1,NA,20,1,2
794,21140119,ROS,NA,85.4839151266256,84.8542094455852,3.41666666666667,0,20,33,1,2,4,1,NA,29,1,1
795,21142003,ROS,NA,88.9253935660506,88.2573579739904,7,0,16,23,1,2,4,0,NA,28,4,1
796,21274280,ROS,78.9623545516769,89.8781656399726,89.0759753593429,7.25,0,21,34,1,2,5,1,26,19,1,4
797,21293107,ROS,79.3949349760438,80.6872005475702,80.5585215605749,6.75,0,21,34,1,2,3,1,28,28,1,4
798,21412626,ROS,NA,90+,90+,15.3333333333333,0,24,23,1,2,3,0,NA,24,4,1
799,32689956,MAP,NA,90+,90+,38.3333333333333,0,12,34,1,2,4,0,NA,22,4,6
800,36010337,MAP,NA,86.5352498288843,85.3661875427789,20.5,1,14,23,1,2,3,1,NA,29,2,1
801,37065652,MAP,NA,77.1635865845311,76.7556468172485,5.5,0,13,33,1,1,3,1,NA,27,2,1
802,38606123,MAP,88.8049281314168,90+,88.8049281314168,6.08333333333333,0,12,33,1,2,5,1,22,22,2,4
803,39125441,MAP,89.1471594798084,90+,90+,15.1666666666667,1,16,33,1,2,3,0,23,27,4,2
804,39316600,MAP,87.9534565366188,89.9575633127995,88.8213552361396,3.66666666666667,0,13,33,1,2,5,1,18,20,2,4
805,50101497,MAP,NA,90+,90+,6.16666666666667,0,16,33,1,1,5,1,NA,28,1,2
806,50102826,MAP,NA,88.8898015058179,88.8186173853525,6.5,0,14,33,1,2,2,0,NA,30,3,2
807,50106578,MAP,NA,86.6475017111567,86.4394250513347,28.25,0,14,33,1,2,4,1,NA,30,2,1
808,50107619,MAP,NA,90+,90+,19.5,0,18,33,1,2,4,0,NA,26,3,2
809,50107907,MAP,89.0622861054073,90+,90+,4.16666666666667,0,18,34,1,2,4,0,25,3,4,4
810,50108336,MAP,NA,89.4236824093087,89.0403832991102,7.16666666666667,0,12,33,1,2,3,0,NA,30,4,1
811,50402729,MAP,78.0287474332649,87.2224503764545,87.0362765229295,8.25,0,16,33,1,2,5,1,30,9,1,4
812,50406633,MAP,83.958932238193,85.6865160848734,84.9171800136892,3.5,0,16,33,1,2,4,1,11,10,1,4
813,59204827,MAP,NA,90+,90+,8.58333333333333,1,12,34,1,2,4,1,NA,2,1,NA
814,61029627,MAP,NA,88.5065023956194,87.5537303216975,9.03333333333333,0,16,33,1,2,3,0,NA,30,3,1
815,63818202,MAP,NA,84.662559890486,83.9808350444901,11.5,0,14,23,1,2,3,0,NA,30,4,1
816,66754397,MAP,NA,84.0301163586584,83.3757700205339,3.25,1,20,34,1,2,5,1,NA,6,2,4
817,68015667,MAP,NA,85.8973305954825,85.5140314852841,6,1,16,34,1,2,3,1,NA,18,2,6
818,69982533,MAP,87.0390143737166,90+,90+,4.41666666666667,0,18,33,1,2,5,1,24,19,1,4
819,70636113,MAP,90+,90+,90+,6.33333333333333,0,12,34,1,2,4,1,18,18,1,4
820,70816595,MAP,NA,90+,88.7364818617385,4.58333333333333,1,13,33,1,2,2,0,NA,27,4,1
821,71626373,MAP,NA,90+,90+,4.38333333333333,1,18,33,1,2,4,1,NA,19,2,4
822,73549281,MAP,NA,87.7234770704997,87.4798083504449,10,0,14,33,1,2,3,1,NA,28,1,1
823,77631046,MAP,NA,85.0321697467488,79.8576317590691,6.83333333333333,0,12,44,1,2,5,1,NA,25,1,5
824,77970662,MAP,NA,81.284052019165,80.5722108145106,11.4166666666667,0,18,33,1,2,0,0,NA,29,4,2
825,78353027,MAP,86.5845311430527,89.0458590006845,88.5941136208077,7.73333333333333,1,13,34,1,2,6,1,22,12,1,4
826,81455345,MAP,NA,90+,87.1019849418207,7,0,8,33,1,2,4,1,NA,23,1,1
827,85666580,MAP,NA,85.2785763175907,85.2238193018481,3.91666666666667,0,11,33,1,2,5,1,NA,4,1,4
828,87410220,MAP,NA,84.3066392881588,82.7843942505133,7.08333333333333,0,16,33,1,2,2,0,NA,28,2,1
829,7883803,MAP,86.7652292950034,88.6598220396988,86.7652292950034,7,0,10,33,1,2,3,1,18,18,1,4
830,9650662,MAP,90+,90+,90+,3.85,0,15,23,1,2,3,1,0,0,2,2
831,10102206,ROS,NA,80.1806981519507,79.7316906228611,22.3333333333333,1,12,33,1,2,2,0,NA,15,4,4
832,10222853,ROS,NA,85.7768651608487,85.3196440793977,4.5,1,20,34,1,2,5,1,NA,1,1,4
833,10253148,ROS,NA,89.8617385352498,89.7741273100616,21.0666666666667,1,21,33,1,2,5,1,NA,28,2,1
834,10395197,ROS,NA,85.4976043805613,85.368925393566,5.5,1,18,23,1,2,3,1,NA,26,2,1
835,10405008,ROS,81.4483230663929,81.6427104722793,81.4483230663929,4.33333333333333,1,24,33,1,2,3,1,11,11,2,6
836,10415168,ROS,76.580424366872,90+,89.7686516084873,2.75,1,21,34,1,2,5,1,27,20,1,4
837,10439580,ROS,NA,90+,90+,3.5,1,8,33,1,2,3,0,NA,24,4,2
838,10484873,ROS,87.5208761122519,87.8631074606434,87.5208761122519,4.15,1,9,33,1,2,2,0,15,15,4,4
839,10495100,ROS,NA,84.8323066392882,84.7529089664613,3.5,1,16,34,1,2,5,1,NA,3,1,4
840,10499302,ROS,NA,90+,90+,3,1,21,33,1,2,3,0,NA,12,3,5
841,11166252,ROS,NA,87.64681724846,87.1813826146475,13.7833333333333,1,24,33,1,2,4,1,NA,28,2,1
842,11345331,ROS,77.0376454483231,87.2388774811773,87.0992470910335,4.5,1,19,33,1,2,4,1,24,2,1,4
843,11409232,ROS,NA,80.0985626283368,79.9206023271732,1.33333333333333,1,22,33,1,2,3,0,NA,30,4,2
844,11460357,ROS,89.4839151266256,90+,90+,1.5,1,17,33,1,2,4,1,27,27,1,2
845,11606935,ROS,NA,90+,90+,3.91666666666667,1,16,34,1,2,3,1,NA,18,2,4
846,15148520,ROS,NA,80.0903490759754,79.3347022587269,4.45,1,18,34,1,2,5,1,NA,17,1,4
847,15175325,ROS,NA,90+,90+,4.91666666666667,1,25,33,1,2,4,1,NA,26,2,1
848,15286377,MAP,85.6098562628337,90+,89.7796030116359,3.5,0,12,33,1,2,5,1,24,11,1,4
849,15387421,MAP,NA,90+,90+,8.83333333333333,0,12,34,1,2,5,1,NA,3,1,4
850,15413198,ROS,NA,88.0109514031485,87.2908966461328,8.23333333333333,1,24,33,1,2,5,1,NA,27,2,1
851,15739271,ROS,75.0171115674196,75.7262149212868,75.0171115674196,19,1,20,33,1,2,3,0,28,28,3,6
852,20106383,ROS,NA,82.4640657084189,81.7686516084873,2.6,0,18,44,1,2,5,1,NA,0,1,4
853,20165190,ROS,NA,81.4976043805613,80.7310061601643,13,0,20,33,1,2,4,0,NA,27,3,2
854,20186901,ROS,90+,90+,90+,4.83333333333333,0,20,33,1,2,2,0,23,19,3,4
855,20219931,ROS,90+,90+,90+,2.96666666666667,0,20,33,1,2,5,1,20,20,2,4
856,20223617,ROS,90+,90+,90+,10.0833333333333,0,21,33,1,2,5,1,NA,6,1,4
857,20225925,ROS,83.5427789185489,87.8603696098563,87.5838466803559,3.55,0,18,24,1,2,5,1,25,15,1,4
858,20270920,ROS,NA,72.6652977412731,72.5585215605749,14.9666666666667,0,18,23,1,2,3,0,NA,27,4,1
859,20297791,ROS,90+,90+,90+,10,0,12,33,1,2,4,1,24,23,2,2
860,20299973,ROS,89.9712525667351,90+,90+,12.3833333333333,0,16,33,1,2,5,1,24,7,1,4
861,20368015,ROS,NA,90+,90+,6,0,16,34,1,2,5,1,NA,28,2,2
862,20453625,ROS,NA,90+,90+,4.5,0,14,23,1,2,4,0,NA,1,4,5
863,20487369,ROS,NA,82.8939082819986,82.3819301848049,4,0,18,23,1,2,4,1,NA,29,2,2
864,20501668,ROS,87.2854209445585,90+,90+,3.83333333333333,0,18,34,1,2,5,1,23,6,1,4
865,20535564,ROS,72.8049281314168,82.6995208761122,81.9000684462697,6.75,0,18,34,1,2,5,1,26,0,1,4
866,20576919,ROS,NA,90+,90+,6.5,0,14,33,1,2,3,1,NA,12,2,5
867,20602974,ROS,NA,86.9103353867214,86.5188227241615,5,0,19,33,1,2,4,1,NA,30,2,1
868,20683921,ROS,NA,85.3798767967146,84.3175906913073,5.83333333333333,0,16,44,1,2,3,0,NA,26,3,1
869,20787136,ROS,NA,75.0198494182067,74.135523613963,4,0,16,33,1,2,4,1,NA,27,1,2
870,20907534,MAP,82.0479123887748,82.403832991102,82.0479123887748,6.5,0,12,34,1,2,5,1,22,22,1,4
871,20927178,ROS,NA,90+,90+,3.08333333333333,0,16,33,1,2,4,0,NA,27,3,1
872,20933324,ROS,90+,90+,90+,18.75,0,18,33,1,2,4,1,18.2142857142857,18.2142857142857,2,4
873,20939834,ROS,NA,81.119780971937,81.0650239561944,7.55,0,18,33,1,2,3,1,NA,30,1,1
874,20953832,ROS,81.5359342915811,81.7768651608487,81.5359342915811,5.33333333333333,0,12,23,1,2,2,0,20,20,3,4
875,20969114,ROS,88.6023271731691,89.9329226557153,89.6016427104723,17.8333333333333,0,16,34,1,2,5,1,8,2,2,5
876,20983400,ROS,NA,82.9349760438056,82.3682409308693,3.16666666666667,0,16,33,1,2,4,1,NA,28,2,1
877,21000766,ROS,NA,90+,90+,4.08333333333333,0,19,33,1,2,4,1,NA,29,2,2
878,21108911,ROS,NA,89.4072553045859,89.3114305270363,4.41666666666667,0,18,33,1,2,2,0,NA,27,2,1
879,21123474,ROS,NA,90+,90+,11.5166666666667,0,18,23,1,2,4,1,NA,18,1,4
880,21144735,ROS,87.0800821355236,90+,90+,5.08333333333333,0,14,33,1,2,5,1,23,22,1,4
881,21189544,ROS,86.9240246406571,90+,90+,4.25,0,18,23,1,2,5,1,21,3,1,4
882,21191200,ROS,NA,90+,90+,2.75,0,15,34,1,2,5,1,NA,23,2,2
883,21411297,ROS,NA,81.3251197809719,80.4709103353867,2,0,18,33,1,2,4,1,NA,29,2,1
884,22001091,ROS,75.564681724846,83.7864476386037,83.7645448323066,2.5,0,16,34,2,2,5,1,28,21,1,5
885,22865387,MAP,90+,90+,90+,5.83333333333333,1,14,33,1,2,2,0,21,5,3,4
886,22868024,MAP,NA,90+,90+,5.25,1,12,33,1,2,3,1,NA,26,2,2
887,24219409,MAP,NA,90+,90+,5.35,0,16,23,1,2,3,0,NA,28,4,1
888,25939172,MAP,85.8590006844627,87.5482546201232,86.8172484599589,14,0,12,34,1,2,4,1,16,14,1,4
889,33501827,MAP,84.6488706365503,87.129363449692,86.5626283367557,9.5,1,16,24,1,2,5,1,21,15,1,4
890,34748028,MAP,NA,75.9671457905544,75.7672826830938,10.05,0,13,23,2,2,1,0,NA,29,4,1
891,34779151,ROS,NA,86.3025325119781,85.2676249144422,4.5,1,22,33,1,2,2,0,NA,25,4,1
892,40510997,MAP,89.3798767967146,90+,90+,5,0,16,33,1,2,4,1,26,26,1,4
893,42809527,ROS,NA,73.8891170431211,71.5181382614648,22.0333333333333,1,18,33,1,2,1,0,NA,26,4,2
894,44749170,MAP,NA,87.4168377823409,87.0171115674196,10.35,0,16,33,1,2,3,0,NA,22,3,2
895,49429845,MAP,81.719370294319,85.4483230663929,84.8186173853525,3.75,0,12,33,1,2,3,1,24,17,2,4
896,50103129,MAP,NA,89.6673511293635,89.5359342915811,2.91666666666667,0,11,34,1,2,5,1,NA,28,2,2
897,50103679,MAP,90+,90+,90+,5.75,0,16,33,1,2,4,1,NA,8,2,5
898,50104134,MAP,90+,90+,90+,5.33333333333333,1,18,34,1,2,4,1,15.5172413793103,15.5172413793103,1,4
899,50105437,MAP,NA,80.0574948665298,79.5893223819302,7.83333333333333,0,15,33,1,2,3,0,NA,30,4,1
900,50106442,MAP,85.0650239561944,87.9479808350445,87.0828199863108,7.21666666666667,0,21,33,1,2,5,1,17,3,2,4
901,50197261,MAP,NA,90+,90+,3.91666666666667,0,13,33,1,2,1,0,NA,25,2,1
902,50199993,MAP,NA,90+,90+,6.55,0,16,34,1,2,5,1,NA,23,1,3
903,50300110,MAP,87.3401779603012,90+,90+,12,0,12,34,1,2,5,1,21,23,1,4
904,50301251,MAP,NA,90+,90+,5.75,1,12,23,1,2,3,0,NA,16,3,4
905,50302428,MAP,NA,84.6652977412731,84.3121149897331,3,0,12,33,1,2,5,1,NA,18,1,4
906,50305165,MAP,NA,90+,90+,6.41666666666667,0,18,33,1,2,4,1,NA,4.13793103448276,1,4
907,50402017,MAP,NA,82.6913073237509,82.2724161533196,6.58333333333333,0,12,33,1,2,4,1,NA,25,2,2
908,50410319,MAP,81.6399726214921,84.8459958932238,84.6269678302532,3.91666666666667,1,18,34,1,2,5,1,25,1,1,4
909,51668135,MAP,NA,72.7200547570157,72.0930869267625,12.4333333333333,1,22,33,1,2,1,0,NA,30,3,1
910,51826377,MAP,NA,86.5982203969884,86.3737166324435,6.5,0,14,23,1,2,2,0,NA,29,4,1
911,53772202,MAP,NA,86.2039698836413,85.9739904175222,6.58333333333333,0,16,33,1,2,1,0,NA,29,4,1
912,56607358,MARS,NA,78.9514031485284,77.2347707049966,9.5,0,16,34,2,2,5,1,NA,2,1,4
913,56696733,MAP,NA,83.9452429842574,83.1348391512663,4.71666666666667,1,16,23,1,2,4,1,NA,9,2,4
914,60922329,MAP,NA,90+,90+,4.5,0,13,34,1,2,4,1,NA,28,1,1
915,61215831,ROS,NA,90+,90+,4.58333333333333,0,20,33,1,2,4,1,NA,21,1,4
916,61490006,MAP,NA,86.3490759753593,85.3908281998631,4.36666666666667,1,13,33,1,2,4,1,NA,27.8571428571429,2,1
917,62404688,MAP,NA,84.0246406570842,82.9787816563997,4.5,1,16,33,1,2,3,1,NA,29,2,1
918,65736039,MAP,NA,90+,89.8535249828884,7.75,1,17,33,1,2,3,0,NA,27,4,2
919,71727427,MAP,NA,89.9575633127995,89.6098562628337,3.53333333333333,0,18,34,1,2,5,1,NA,27,2,2
920,72188804,MAP,90+,90+,90+,4.86666666666667,0,18,33,1,2,4,1,24.8275862068966,24.8275862068966,1,4
921,74203334,MAP,NA,85.7905544147844,85.7577002053388,6.25,0,13,33,1,2,4,1,NA,22,1,3
922,77891596,MAP,74.9787816563997,77.3196440793977,76.3997262149213,8.03333333333333,1,20,33,1,2,2,0,NA,25.2,4,2
923,86071821,MAP,NA,80.6105407255305,80.4052019164956,5.13333333333333,0,14,34,1,2,3,0,NA,29,4,2
924,91018909,MAP,NA,90+,90+,8.75,1,12,22,1,2,3,0,NA,24,3,5
925,92996364,MAP,NA,88.539356605065,86.8747433264887,6.5,0,15,33,1,2,4,1,NA,22,1,2
926,94430339,MAP,NA,86.6036960985626,85.4318959616701,8,0,16,34,1,2,2,0,NA,26,4,2
927,95442315,MAP,NA,75.8904859685147,74.8199863107461,11.6,0,13,23,2,2,2,0,NA,29,3,1
928,668310,MAP,88.6351813826146,90+,90+,5.08333333333333,1,15,33,1,2,5,1,18,8,2,4
929,6107196,MAP,NA,90+,90+,4.16666666666667,1,15,33,1,2,5,1,NA,22,1,4
930,7265221,MAP,90+,90+,90+,5.75,0,18,34,1,2,4,1,23,14,1,4
931,9032080,MAP,NA,80.8569472963724,78.9979466119097,6.75,0,14,23,1,2,2,0,NA,29,4,1
932,10101327,ROS,NA,89.7138945927447,88.9089664613279,13.25,1,21,33,1,2,5,1,NA,12,1,4
933,10255456,ROS,85.2758384668036,87.2279260780287,86.2696783025325,15.0833333333333,1,8,33,1,2,1,1,21,20,1,4
934,10277308,ROS,NA,85.9794661190965,85.2922655715264,2.16666666666667,1,18,34,1,2,4,1,NA,28,2,1
935,10290427,ROS,85.2950034223135,90+,90+,3.08333333333333,1,20,24,1,2,1,0,27,18,4,4
936,10383017,ROS,85.4893908281999,87.8685831622177,87.4798083504449,6.16666666666667,1,18,33,1,2,1,0,28,27,4,1
937,10490993,ROS,NA,86.5051334702259,85.5687885010267,7,1,21,33,1,2,5,1,NA,27,2,1
938,10494519,ROS,77.0924024640657,80.7720739219713,80.1423682409309,3,1,18,33,1,2,2,0,23,15,3,4
939,11165535,ROS,NA,86.2313483915127,85.1088295687885,10.8333333333333,1,20,33,1,2,3,1,NA,28,2,1
940,11302830,ROS,84.5229295003422,85.8288843258042,85.5277207392197,1.5,1,23,34,1,2,3,1,27,27,2,4
941,11344452,ROS,NA,72.7063655030801,71.9616700889802,7.75,1,22,33,1,2,2,0,NA,30,4,3
942,11392518,ROS,NA,90+,90+,3.83333333333333,1,20,33,1,2,3,0,NA,26,4,4
943,11444465,ROS,80.9226557152635,89.0458590006845,88.9883641341547,3.5,1,14,33,1,2,4,1,23,11,1,4
944,11612505,ROS,NA,90+,90+,5.66666666666667,1,20,34,1,2,4,0,NA,28,3,2
945,13485298,MAP,NA,89.7056810403833,88.7200547570157,8.5,0,12,23,1,2,4,1,NA,26,2,3
946,15115927,ROS,NA,77.3196440793977,76.7994524298426,10.0833333333333,1,20,33,1,2,1,0,NA,30,4,1
947,15121461,ROS,90+,90+,90+,5.83333333333333,1,22,34,1,2,5,1,17,16.1538461538462,1,4
948,15483818,ROS,NA,86.1793292265572,85.8891170431211,6.36666666666667,1,21,23,1,2,3,0,NA,28,3,2
949,15769399,ROS,NA,69.6153319644079,69.5277207392197,3.16666666666667,1,23,33,1,2,2,0,NA,27,3,1
950,19785885,MAP,NA,90+,90+,6.66666666666667,1,14,33,1,2,4,0,NA,27,4,1
951,20102505,ROS,NA,89.7932922655715,89.3771389459274,5.08333333333333,0,16,34,1,2,4,1,NA,30,2,1
952,20109994,ROS,NA,90+,90+,3.08333333333333,0,16,33,1,2,5,1,NA,4,1,4
953,20139850,ROS,NA,86.3189596167009,86.2614647501711,3.83333333333333,0,24,33,1,2,4,0,NA,27,4,2
954,20147440,ROS,80.7446954140999,86.9678302532512,86.7214236824093,4.08333333333333,0,16,34,1,2,5,1,22,5,1,5
955,20153984,ROS,NA,78.5516769336071,78.4832306639288,24.0833333333333,0,16,33,1,2,4,1,NA,29,1,1
956,20240514,ROS,NA,89.7357973990418,88.9472963723477,2.75,0,20,33,1,2,3,0,NA,30,4,1
957,20252720,ROS,83.7891854893908,84.4709103353867,83.7891854893908,4.08333333333333,0,16,34,1,2,3,1,25,25,2,4
958,20254740,ROS,NA,81.6755646817249,81.2621492128679,20.8333333333333,0,21,33,1,2,4,0,NA,23,4,3
959,20254902,ROS,NA,90+,90+,4.58333333333333,0,16,33,1,2,4,1,NA,24,2,4
960,20267411,ROS,NA,88.6652977412731,88.0136892539357,14.8666666666667,0,18,33,1,2,2,0,NA,29,2,1
961,20297403,ROS,74.1026694045175,85.242984257358,84.1533196440794,17.4166666666667,0,20,34,1,2,4,1,26,18,2,4
962,20376029,ROS,90+,90+,90+,5,0,18,34,1,2,5,1,28,15,1,5
963,20521752,ROS,NA,78.1464750171116,77.7932922655715,8.06666666666667,0,11,33,1,2,3,0,NA,30,3,1
964,20583594,ROS,NA,90+,90+,4.41666666666667,0,16,33,1,2,3,1,NA,26,3,2
965,20630946,ROS,90+,90+,90+,2.9,0,18,33,1,2,3,0,NA,0,4,4
966,20665307,ROS,NA,90+,90+,5.33333333333333,0,17,33,1,2,3,1,NA,30,2,1
967,20865035,ROS,90+,90+,90+,8.66666666666667,0,16,23,1,2,4,1,21.7241379310345,19.2857142857143,2,4
968,20898476,ROS,86.5133470225873,90+,90+,7.08333333333333,0,16,33,1,2,5,1,NA,10,1,4
969,20914669,ROS,86.5242984257358,90+,90+,8.16666666666667,0,16,24,1,2,4,1,19,23,1,4
970,20954261,ROS,90+,90+,90+,7.1,0,18,33,1,2,2,1,5,0,1,4
971,20956867,ROS,NA,79.1156741957563,78.7734428473648,18.2166666666667,0,18,33,1,2,3,0,NA,30,4,1
972,20969088,ROS,NA,90+,90+,9.91666666666667,0,18,33,1,2,4,1,NA,23,2,2
973,21000180,ROS,90+,90+,90+,4.85,0,16,33,1,2,3,1,21,23,2,4
974,21000928,ROS,89.9712525667351,90+,90+,7.7,0,16,23,1,2,5,1,20.6896551724138,24,1,4
975,21001357,ROS,86.7323750855578,88.3915126625599,87.7809719370294,15.7,0,16,33,1,2,1,0,10,15,2,4
976,21002812,ROS,90+,90+,90+,5.33333333333333,0,12,23,1,2,3,0,NA,8,4,4
977,21155774,ROS,NA,86.9185489390828,86.6830937713895,5,0,22,33,1,2,2,0,NA,27,4,1
978,21183160,ROS,86.0369609856263,89.4784394250513,89.3388090349076,4.33333333333333,0,16,33,1,2,4,0,24,10,4,4
979,21362537,MAP,81.8754277891855,86.1930184804928,85.9000684462697,5.08333333333333,1,17,34,1,2,5,1,20,9,2,4
980,22789958,MAP,90+,90+,90+,5.78333333333333,1,16,33,1,2,5,1,21,13,2,4
981,24039289,MAP,NA,72.1478439425051,68.4407939767283,5.83333333333333,1,18,23,1,2,2,0,NA,26,4,2
982,26637867,MAP,NA,90+,90+,7.45,0,8,33,1,2,4,1,NA,25,2,2
983,30711043,MAP,NA,85.8316221765914,85.4784394250513,6.5,1,11,24,2,2,4,1,NA,30,1,1
984,34999847,MAP,NA,89.8425735797399,87.0746064339494,4.25,0,12,33,1,2,5,1,NA,25,1,1
985,35941263,MAP,84.0876112251882,87.8357289527721,87.0746064339494,3.5,0,16,34,1,2,5,1,17,0,2,4
986,36379623,MAP,NA,89.5386721423682,88.5092402464066,4.08333333333333,0,16,33,1,2,3,1,NA,22,2,4
987,40071481,MAP,NA,87.0855578370979,80.9007529089665,7.31666666666667,0,13,33,1,2,3,0,NA,28,3,1
988,43485807,MAP,NA,84.7008898015058,84.1670088980151,4.08333333333333,1,16,33,1,2,3,1,NA,25,1,4
989,46291609,MAP,NA,87.5920602327173,85.7987679671458,7.41666666666667,0,14,33,1,2,4,1,NA,24,2,2
990,47067421,MAP,NA,88.4079397672827,87.895961670089,5.58333333333333,0,13,33,1,2,3,1,NA,30,2,1
991,48748345,MAP,NA,90+,90+,5.9,0,17,33,1,2,3,0,NA,26,3,2
992,50100482,MAP,NA,89.3607118412046,88.6516084873374,6.21666666666667,0,13,33,1,2,3,0,NA,26,4,2
993,50100518,MAP,NA,89.0458590006845,88.517453798768,7,1,12,33,1,2,2,0,NA,27,2,1
994,50100932,MAP,82.8473648186174,90+,87.8329911019849,11.9833333333333,0,12,34,1,2,5,1,23,17,1,4
995,50105563,MAP,NA,83.0718685831622,82.8692676249144,4.75,0,16,33,1,2,5,1,NA,1,1,5
996,50106154,MAP,NA,90+,90+,9.5,0,11,33,1,2,3,1,NA,21.8181818181818,2,1
997,50106866,MAP,89.5085557837098,90+,90+,7.16666666666667,0,16,33,1,2,3,1,21,14,1,4
998,50106992,MAP,85.4236824093087,86.8117727583847,85.4236824093087,12.8833333333333,0,12,34,1,2,5,1,20,20,1,4
999,50108174,MAP,NA,82.2559890485968,81.2895277207392,11.5,0,18,44,1,2,3,1,NA,30,1,1
1000,50108750,MAP,90+,90+,90+,8.33333333333333,0,12,23,1,2,4,0,23,2,4,4
1001,50109477,MAP,NA,89.3716632443532,88.9281314168378,4.41666666666667,1,16,34,1,2,4,1,NA,21,1,2
1002,50109927,MAP,90+,90+,90+,5.5,1,11,23,1,2,4,0,16,16,2,4
1003,50300084,MAP,NA,90+,90+,4.95,0,14,33,1,2,2,0,NA,30,4,1
1004,50301099,MAP,NA,90+,90+,9.83333333333333,1,12,33,1,2,4,0,NA,28.9285714285714,4,1
1005,50301963,MAP,NA,90+,90+,4.5,0,15,33,1,2,3,1,NA,22,2,2
1006,50302004,MAP,NA,89.7303216974675,88.249144421629,11.25,0,17,33,1,2,0,0,NA,27,4,2
1007,50303271,MAP,NA,90+,90+,17.5,1,21,33,1,2,3,1,NA,28,2,2
1008,50401002,MAP,NA,86.2943189596167,86.1738535249829,6.03333333333333,0,13,33,1,2,4,1,NA,29,2,1
1009,50403446,MAP,85.3771389459274,89.3086926762491,89.3032169746749,6.75,0,12,33,1,2,5,1,13,1,1,4
1010,50408815,MAP,NA,90+,90+,18.25,1,18,33,1,2,3,1,NA,24,2,4
1011,50409956,MAP,88.6680355920602,89.5003422313484,88.6680355920602,6.5,0,12,33,1,2,5,1,18,18,1,4
1012,51650969,MAP,83.1786447638604,85.0184804928131,84.1779603011636,8.33333333333333,0,15,33,1,2,4,1,21,11,2,4
1013,52509923,MAP,NA,84.1587953456537,83.5947980835044,4.4,0,16,33,1,2,3,0,NA,26,3,1
1014,61344957,MAP,NA,84.7310061601643,84.3477070499658,9.41666666666667,0,12,33,1,2,4,0,NA,30,3,1
1015,66924745,MAP,NA,90+,90+,8.5,0,16,33,1,2,4,1,NA,27,2,1
1016,67216828,MAP,90+,90+,90+,6.25,0,16,33,1,2,5,1,24,20,2,4
1017,68745332,MAP,NA,78.5188227241615,77.5249828884326,7.91666666666667,1,12,33,1,2,1,0,NA,28,4,1
1018,72777797,MAP,NA,90+,90+,6.86666666666667,1,21,33,1,2,2,0,NA,28,4,1
1019,77330002,MAP,NA,90+,89.7440109514032,5.66666666666667,0,12,23,1,2,4,0,NA,28,3,1
1020,80187972,MAP,NA,80.8514715947981,80.5229295003422,6.16666666666667,1,16,33,1,2,4,1,NA,30,2,2
1021,80333458,MAP,NA,90+,90+,5.33333333333333,0,12,33,1,2,5,1,NA,NA,1,4
1022,81852640,MAP,89.8015058179329,90+,90+,4.33333333333333,0,17,23,1,2,3,1,27,10,1,4
1023,83173570,MAP,NA,88.3915126625599,87.813826146475,10.2166666666667,0,14,23,1,2,4,0,NA,28,3,1
1024,86408244,MAP,NA,84.8049281314168,84.4845995893224,20.5,1,18,23,1,2,3,1,NA,26,2,2
1025,87779516,MAP,NA,90+,90+,5.33333333333333,0,15,33,1,2,3,0,NA,28,4,1
1026,94722642,MAP,NA,84.6488706365503,83.8713210130048,13.0333333333333,0,18,33,1,2,3,0,NA,26,4,2
1027,94828877,MAP,NA,82.7707049965777,82.3983572895277,10.5,1,6,33,2,2,5,1,NA,5,1,4
1028,99746564,MAP,NA,81.3278576317591,80.6954140999316,12.75,0,12,34,1,2,2,0,NA,29,2,1
1029,10100574,ROS,NA,83.5373032169747,82.7542778918549,22.25,1,21,33,1,2,4,0,NA,29,4,1
1030,10438999,ROS,NA,83.3045859000684,83.0308008213552,5.58333333333333,1,27,33,1,2,4,0,NA,28,4,1
1031,11624423,ROS,82.4722792607803,84.0574948665298,83.5318275154004,5.71666666666667,1,13,33,1,1,3,0,16,22,4,5
1032,20179164,ROS,83.4743326488706,83.7289527720739,83.4743326488706,5.33333333333333,0,16,33,1,2,3,0,8,8,4,6
1033,20611993,ROS,83.8904859685147,89.6591375770021,88.8870636550308,11.25,0,20,33,1,2,5,1,27,3,2,4
1034,21000478,ROS,NA,79.2662559890486,75.7618069815195,8.9,0,18,34,1,2,4,0,NA,30,4,1
1035,21407511,ROS,NA,76.9007529089665,76.4654346338125,3.75,0,16,23,1,2,1,0,NA,30,4,1
1036,18920002,MAP,NA,90+,90+,6.76666666666667,0,17,23,1,2,4,1,NA,26,2,1
1037,42589954,MAP,NA,65.9055441478439,62.9596167008898,21.3333333333333,0,14,44,2,2,1,1,NA,28,1,1
1038,50301549,MAP,NA,89.0321697467488,86.7132101300479,6.08333333333333,0,11,34,1,2,5,1,NA,30,1,1
1039,67185070,MAP,NA,77.7960301163587,77.4702258726899,9.83333333333333,0,12,23,1,2,3,0,NA,28,4,1
1040,84642424,MAP,NA,90+,90+,5.58333333333333,0,12,44,1,2,5,1,NA,6,1,5
1041,4947970,MAP,NA,90+,89.8261464750171,9.08333333333333,1,13,33,1,2,1,0,NA,28,3,2
1042,11413170,ROS,NA,70.2696783025325,69.7330595482546,8.25,1,18,23,1,2,3,0,NA,5,4,5
1043,20205705,ROS,NA,79.6303901437372,78.6995208761122,29.5833333333333,0,19,33,1,2,3,1,NA,29,2,1
1044,20917694,ROS,81.5167693360712,85.6235455167693,84.7145790554415,11.2333333333333,0,21,34,1,2,4,1,28,9,2,4
1045,24141372,MAP,NA,85.2566735112936,84.6570841889117,6.36666666666667,0,16,33,1,2,3,1,NA,29,2,1
1046,50109189,MAP,NA,85.0732375085558,84.476386036961,6.75,0,15,23,1,2,3,0,NA,29,4,1
1047,75862131,MAP,85.8069815195072,90+,90+,5.91666666666667,1,18,34,1,2,5,1,21,0,1,4
1048,96892753,MAP,90+,90+,90+,14.6833333333333,0,12,23,1,2,4,1,21,21,2,4
1049,11335695,ROS,NA,84.3011635865845,83.6386036960986,4,1,20,33,1,2,1,0,NA,28,4,1
1050,20327084,ROS,NA,82.8254620123203,82.4147843942505,3.5,0,15,33,1,2,4,0,NA,25,4,1
1051,21128131,ROS,NA,90+,90+,18,0,16,33,1,2,4,1,NA,25,1,1
1052,50103381,MAP,NA,90+,89.6399726214921,5.41666666666667,1,16,34,1,2,4,1,NA,29,2,2
1053,50502606,MAP,NA,85.5578370978782,84.2299794661191,9.75,0,12,33,1,2,4,0,NA,25,3,2
1054,82624422,MAP,NA,90+,90+,4.76666666666667,0,12,23,1,2,4,0,NA,26,3,2
1055,10116694,ROS,82.154688569473,86.1163586584531,85.0732375085558,5.75,1,20,23,1,2,4,1,25,21,2,4
1056,11697592,ROS,NA,78.3244353182751,77.6974674880219,9.75,1,20,34,1,2,2,0,NA,29,3,1
1057,20594407,ROS,87.0034223134839,90+,90+,6.86666666666667,0,7,33,1,2,5,1,17,2,1,4
1058,21187074,ROS,NA,82.4613278576318,81.5989048596851,3.58333333333333,0,22,33,1,2,4,1,NA,30,1,2
1059,50404749,MAP,NA,90+,90+,3.75,0,12,34,1,2,5,1,NA,10,1,4
1060,10205532,ROS,NA,85.2101300479124,84.0109514031485,14.8,1,24,44,1,2,4,1,NA,28,1,1
1061,11430815,ROS,84.9034907597536,86.5872689938398,85.9192334017796,1.25,1,25,34,1,2,1,1,22,11,1,4
1062,20610726,ROS,NA,86.9787816563997,86.466803559206,3.5,0,18,33,1,2,3,0,NA,30,4,1
1063,21157370,ROS,NA,85.0951403148528,83.4661190965092,4.83333333333333,0,18,34,1,2,4,1,NA,28,2,1
1064,45800230,MAP,NA,90+,90+,5.95,0,12,23,1,2,3,0,NA,23,3,2
1065,53389845,MAP,89.9164955509925,90+,90+,4.33333333333333,0,20,34,1,2,4,1,25.8620689655172,13,1,4
1066,86094238,ROS,NA,86.8637919233402,86.1492128678987,9.5,0,20,33,1,2,2,0,NA,23,3,4
1067,10518782,ROS,84.5311430527036,87.5674195756331,86.5379876796715,9,1,22,33,1,2,5,1,25,27,1,4
1068,20171508,ROS,86.3983572895277,89.1581108829569,88.394250513347,9,0,10,34,1,2,4,1,23,6,1,4
1069,20569910,ROS,NA,83.7453798767967,82.7132101300479,6.75,0,16,33,1,2,2,0,NA,30,4,2
1070,21176585,ROS,87.5208761122519,88.8514715947981,88.5147159479808,2.75,0,21,24,1,2,3,1,20,14,2,4
1071,38967303,MAP,NA,84.8323066392882,84.6789869952088,6.5,0,11,33,1,2,3,0,NA,28,4,1
1072,50401976,MAP,90+,90+,90+,8.75,1,13,33,1,2,3,0,NA,29,4,1
1073,68725248,MAP,90+,90+,90+,6.11666666666667,0,12,34,1,2,5,1,0,0,2,5
1074,10435090,ROS,NA,80.8733744010951,80.4572210814511,8,1,21,33,1,2,3,0,NA,8,3,5
1075,11656273,ROS,NA,82.9541409993155,82.2505133470226,5.75,1,12,33,1,2,5,1,NA,25,1,1
1076,20208992,ROS,90+,90+,90+,6.16666666666667,0,18,33,1,2,5,1,25,0,1,4
1077,20506587,ROS,89.7850787132101,90+,90+,4.25,0,16,33,1,1,3,1,10,0,2,4
1078,21135680,ROS,90+,90+,90+,23.9166666666667,0,21,33,1,2,4,1,17,5,1,4
1079,41285665,MAP,NA,90+,90+,5.91666666666667,0,18,33,1,2,3,0,NA,28,4,1
1080,50104396,MAP,83.8110882956879,90+,89.8425735797399,6.08333333333333,1,21,33,1,2,5,1,21,9,1,4
1081,50408077,MAP,90+,90+,90+,6.5,1,16,34,1,2,4,1,20,20,2,6
1082,90942860,MAP,NA,77.7850787132101,77.7357973990418,9.5,1,16,34,1,2,4,1,NA,27,1,2
1083,10447620,ROS,76.3367556468173,84.1177275838467,83.3429158110883,4,1,15,33,2,2,3,0,12,9,3,5
1084,17615774,MAP,NA,90+,90+,8,0,12,33,1,2,5,1,NA,24.8275862068966,1,2
1085,20288196,ROS,NA,72.4818617385352,71.5373032169747,7.5,0,15,34,1,2,2,0,NA,29,2,1
1086,22201693,ROS,NA,89.3004791238878,88.2546201232033,6.56666666666667,0,18,34,2,2,4,1,NA,23,1,4
1087,51815338,MAP,90+,90+,90+,6.06666666666667,1,18,33,1,2,5,1,27,4,2,4
1088,83001827,MAP,89.82340862423,90+,90+,5.63333333333333,0,13,33,1,2,4,1,NA,28,1,4
1089,10686233,ROS,90+,90+,90+,18.9166666666667,1,18,33,1,2,5,1,NA,22,2,2
1090,20201891,ROS,NA,90+,90+,7.83333333333333,0,18,33,1,2,4,1,NA,26,2,2
1091,20706215,ROS,90+,90+,90+,4.45,0,16,33,1,2,5,1,27,9,2,4
1092,21406218,ROS,88.6269678302532,90+,89.6427104722793,4.55,0,20,33,1,2,3,0,18,24,4,2
1093,50103255,MAP,NA,90+,78.9349760438056,14.5,0,10,33,1,2,5,1,NA,29,1,2
1094,52940446,MAP,NA,87.3702943189596,85.7357973990418,4.25,0,14,33,1,2,5,1,NA,26,1,2
1095,92613520,MAP,NA,90+,90+,4.25,0,16,33,1,2,3,0,NA,29,4,2
1096,10660639,ROS,NA,83.3429158110883,80.3340177960301,31.1666666666667,1,26,33,1,2,2,0,NA,30,4,1
1097,20124619,ROS,82.6611909650924,88.3696098562628,87.6550308008214,8.16666666666667,0,18,33,1,2,4,1,17,1,2,4
1098,20821943,ROS,NA,89.2210814510609,88.5448323066393,4,0,20,34,1,2,3,1,NA,26,2,2
1099,23870000,MAP,NA,79.4140999315537,78.8966461327858,3.61666666666667,1,16,34,1,2,5,1,NA,13,1,4
1100,50101659,MAP,NA,89.3524982888433,86.6721423682409,6.91666666666667,1,13,34,1,2,4,0,NA,27,3,1
1101,50401390,MAP,86.507871321013,90+,90+,8.08333333333333,1,17,33,1,2,5,1,27,20,2,4
1102,20328701,ROS,90+,90+,90+,4,0,16,24,1,2,5,1,21,18,2,4
